rank,name,url,category,subcategory,industry,design_style,color_mode,typography,hero_type,motion_level,product_ui,3d_webgl,distinctive_trait,curation_score_10,priority,tags,status,added_on,source_url,notes
1,Linear,https://linear.app,SaaS,Project management / Product development,B2B Software,"Dark minimal, technical, product-led",Dark,"Modern sans, large display",Interactive product UI,High,High,Low,Exceptional product presentation and motion,9.9,A,dark|minimal|product-ui|developer|motion,Active,2026-08-07,https://linear.app,Core benchmark
2,Attio,https://attio.com,SaaS,CRM,B2B Software,"Editorial SaaS, clean, premium",Light,"Sans, editorial scale",Product UI montage,Medium,High,Low,Excellent whitespace and CRM UI storytelling,9.8,A,editorial|clean|crm|product-ui|premium,Active,2026-08-07,https://attio.com,Core benchmark
3,Stripe,https://stripe.com,SaaS,Payments,Fintech,"Gradient, technical, polished",Mixed,"Sans, expressive display",Product ecosystem / diagrams,High,High,Medium,Category-defining visual systems and information architecture,9.8,A,fintech|gradient|technical|bento|product-ui,Active,2026-08-07,https://stripe.com,Core benchmark
4,Vercel,https://vercel.com,SaaS,Cloud / Developer platform,Developer Tools,"Monochrome, grid, technical",Dark,Geometric sans,Product + infrastructure visualization,High,High,Medium,Strong grid discipline and developer positioning,9.7,A,developer|monochrome|grid|minimal|motion,Active,2026-08-07,https://vercel.com,Core benchmark
5,Framer,https://www.framer.com,SaaS,Website builder,Design Tools,"Bold, creative, motion-heavy",Mixed,Large grotesk sans,Interactive site examples,High,High,Medium,Excellent motion and visual demonstration,9.7,A,creative|motion|bold-type|website-builder,Active,2026-08-07,https://www.framer.com,Core benchmark
6,Webflow,https://webflow.com,SaaS,Website platform,Design Tools,Creative product-led,Mixed,"Sans, bold hierarchy",Website/product showcase,High,High,Medium,Strong content density with polished art direction,9.4,A,design-tool|product-ui|creative|motion,Active,2026-08-07,https://webflow.com,
7,Resend,https://resend.com,SaaS,Email infrastructure,Developer Tools,"Dark minimal, developer-first",Dark,Sans + mono,Code/product UI,Medium,High,Low,Restrained developer aesthetic,9.4,A,dark|developer|minimal|code,Active,2026-08-07,https://resend.com,
8,Clerk,https://clerk.com,SaaS,Authentication,Developer Tools,"Technical grid, product-led",Light,Sans + mono accents,Product component demo,Medium,High,Low,Excellent documentation-meets-marketing language,9.3,A,developer|grid|product-ui|authentication,Active,2026-08-07,https://clerk.com,
9,PostHog,https://posthog.com,SaaS,Product analytics,Developer Tools,"Playful, retro, distinctive",Light,Sans + characterful display,Illustration + product UI,Medium,High,Low,Strong brand personality without losing usability,9.5,A,playful|retro|developer|illustration|product-ui,Active,2026-08-07,https://posthog.com,
10,Ramp,https://ramp.com,SaaS,Finance operations,Fintech,"Editorial fintech, high-contrast",Light,Bold sans,Product UI + proof,Medium,High,Low,Very strong conversion architecture,9.3,A,fintech|editorial|conversion|product-ui,Active,2026-08-07,https://ramp.com,
11,Mercury,https://mercury.com,SaaS,Business banking,Fintech,"Soft premium, minimal",Light,Refined sans,Dashboard UI,Medium,High,Low,Premium fintech restraint,9.2,A,fintech|premium|minimal|product-ui,Active,2026-08-07,https://mercury.com,
12,Intercom,https://www.intercom.com,SaaS,Customer service,B2B Software,"Bold product-led, AI-oriented",Mixed,Large sans,Product UI + AI flows,High,High,Low,Strong narrative structure and UI storytelling,9.2,A,ai|b2b|bold|product-ui,Active,2026-08-07,https://www.intercom.com,
13,Cursor,https://www.cursor.com,SaaS,AI code editor,Developer Tools,"Editorial tech, restrained",Light,Sans + mono,Product/code environment,Medium,High,Low,Unusually calm AI/developer positioning,9.6,A,ai|developer|editorial|minimal|code,Active,2026-08-07,https://www.cursor.com,
14,Retool,https://retool.com,SaaS,Internal tools,Developer Tools,"Product-heavy, structured",Mixed,Sans,Interactive product UI,Medium,High,Low,Excellent complex-product explanation,9.0,B,developer|product-ui|dashboard|b2b,Active,2026-08-07,https://retool.com,
15,Sentry,https://sentry.io,SaaS,Application monitoring,Developer Tools,"Dark, technical, expressive",Dark,Sans + mono,Code + product UI,High,High,Medium,Distinctive developer brand system,9.1,A,developer|dark|technical|motion,Active,2026-08-07,https://sentry.io,
16,Supabase,https://supabase.com,SaaS,Backend platform,Developer Tools,"Dark developer, green accents",Dark,Sans + mono,Dashboard + code,Medium,High,Low,Strong open-source developer aesthetic,9.2,A,developer|dark|green|product-ui,Active,2026-08-07,https://supabase.com,
17,Railway,https://railway.com,SaaS,Cloud deployment,Developer Tools,"Dark, compact, technical",Dark,Sans + mono,Infrastructure UI,Medium,High,Low,Dense technical interface presented cleanly,9.0,B,developer|dark|cloud|product-ui,Active,2026-08-07,https://railway.com,
18,Warp,https://www.warp.dev,SaaS,Terminal / Developer productivity,Developer Tools,"Dark, neon, motion-led",Dark,Sans + mono,Terminal/product UI,High,High,Medium,Strong developer-tool dramatization,9.3,A,developer|terminal|dark|motion|ai,Active,2026-08-07,https://www.warp.dev,
19,Tailscale,https://tailscale.com,SaaS,Networking,Developer Tools,"Friendly technical, illustrated",Light,Sans,Diagram + product UI,Medium,Medium,Low,Makes networking concepts visually approachable,9.0,B,developer|networking|illustration|technical,Active,2026-08-07,https://tailscale.com,
20,Neon,https://neon.com,SaaS,Database,Developer Tools,"Dark, luminous, technical",Dark,Sans + mono,Database/product UI,High,High,Medium,Strong visual metaphor for infrastructure,9.2,A,database|developer|dark|neon|product-ui,Active,2026-08-07,https://neon.com,
21,Sanity,https://www.sanity.io,SaaS,Content platform,Developer Tools,Bold editorial tech,Mixed,Sans,Content/product UI,High,High,Low,Expressive branding combined with real UI,9.2,A,cms|developer|bold|product-ui,Active,2026-08-07,https://www.sanity.io,
22,Contentful,https://www.contentful.com,SaaS,Content platform,Enterprise Software,"Clean enterprise, product-led",Light,Sans,Platform diagrams + UI,Medium,High,Low,Good enterprise information architecture,8.8,B,cms|enterprise|clean|product-ui,Active,2026-08-07,https://www.contentful.com,
23,Dovetail,https://dovetail.com,SaaS,Customer research,B2B Software,"Warm, clean, editorial",Light,Sans,Research/product UI,Medium,High,Low,Strong visual organization of qualitative product UI,9.1,A,research|editorial|product-ui|b2b,Active,2026-08-07,https://dovetail.com,
24,Maze,https://maze.co,SaaS,Product research,Design Tools,"Bright, geometric, clean",Light,Sans,Product workflow,Medium,High,Low,Strong visual hierarchy and geometric system,9.0,B,research|design-tool|geometric|product-ui,Active,2026-08-07,https://maze.co,
25,Loom,https://www.loom.com,SaaS,Video communication,Productivity,Friendly product-led,Light,Sans,Video/product UI,Medium,High,Low,Clear product demonstration and approachable brand,8.9,B,video|productivity|product-ui|friendly,Active,2026-08-07,https://www.loom.com,
26,Brex,https://www.brex.com,SaaS,Finance platform,Fintech,"Premium, bold, enterprise fintech",Mixed,Sans,Product UI + editorial imagery,Medium,High,Low,Strong premium B2B fintech direction,9.1,A,fintech|enterprise|premium|product-ui,Active,2026-08-07,https://www.brex.com,
27,Deel,https://www.deel.com,SaaS,HR / Payroll,B2B Software,"Bold, global, modular",Light,Sans,Illustration + product UI,Medium,High,Low,Large-scale content architecture executed well,8.8,B,hr|global|b2b|product-ui,Active,2026-08-07,https://www.deel.com,
28,Algolia,https://www.algolia.com,SaaS,Search infrastructure,Developer Tools,"Technical, clean, high contrast",Mixed,Sans + mono,Search/product demo,Medium,High,Low,Strong technical storytelling,8.9,B,search|developer|technical|product-ui,Active,2026-08-07,https://www.algolia.com,
29,GitBook,https://www.gitbook.com,SaaS,Documentation,Developer Tools,"Minimal, documentation-led",Light,Sans,Docs/product UI,Medium,High,Low,Good example of product/documentation fusion,8.9,B,docs|developer|minimal|product-ui,Active,2026-08-07,https://www.gitbook.com,
30,Air,https://air.inc,SaaS,Digital asset management,Creative Tools,"Editorial, image-rich, minimal",Light,Sans,Visual asset UI,Medium,High,Low,Excellent image-led SaaS presentation,9.1,A,dam|creative|editorial|product-ui,Active,2026-08-07,https://air.inc,
31,Figma,https://www.figma.com,Webapp,Collaborative design,Design Tools,"Colorful, playful, product-led",Mixed,Bold sans,Interactive product examples,High,High,Medium,Strong brand-to-product continuity,9.6,A,design-tool|colorful|product-ui|motion,Active,2026-08-07,https://www.figma.com,
32,Raycast,https://www.raycast.com,Webapp,Productivity launcher,Productivity,"Dark premium, macOS-like",Dark,Sans,Product UI / extensions,High,High,Low,Exceptional polish and motion,9.7,A,dark|productivity|macos|motion|product-ui,Active,2026-08-07,https://www.raycast.com,
33,Spline,https://spline.design,Webapp,3D design,Creative Tools,"3D, immersive, dark",Dark,Sans,Interactive 3D canvas,High,High,High,Excellent 3D product storytelling,9.6,A,3d|webgl|creative|dark|interactive,Active,2026-08-07,https://spline.design,
34,Superlist,https://www.superlist.com,Webapp,Task management,Productivity,"Playful, bold, product-led",Mixed,Large sans,Product UI,High,High,Medium,Distinctive personality with excellent product demos,9.5,A,productivity|playful|bold|product-ui|motion,Active,2026-08-07,https://www.superlist.com,
35,Pitch,https://pitch.com,Webapp,Presentations,Productivity,"Colorful, modern, collaborative",Mixed,Sans,Presentation/product UI,Medium,High,Low,Strong visual product demonstrations,9.1,A,presentation|colorful|product-ui|collaboration,Active,2026-08-07,https://pitch.com,
36,Notion,https://www.notion.com,Webapp,Workspace,Productivity,"Minimal, illustrated, product-led",Light,Sans,Workspace UI,Medium,High,Low,Excellent scalable marketing system,9.3,A,productivity|minimal|illustration|product-ui,Active,2026-08-07,https://www.notion.com,
37,Readymag,https://readymag.com,Webapp,No-code publishing,Design Tools,"Experimental, typographic, editorial",Mixed,Expressive typography,Creative examples / editor,High,High,Medium,Design-first product identity,9.5,A,editorial|typography|creative|motion,Active,2026-08-07,https://readymag.com,
38,Granola,https://www.granola.ai,Webapp,AI meeting notes,AI Productivity,"Editorial, calm, minimal",Light,Sans,Product UI,Medium,High,Low,Elegant AI-product restraint,9.4,A,ai|editorial|minimal|product-ui,Active,2026-08-07,https://www.granola.ai,
39,Typeform,https://www.typeform.com,Webapp,Forms,Productivity,"Human, conversational, bold",Mixed,Sans,Interactive form/product UI,Medium,High,Low,Human-centered interaction language,9.0,B,forms|interactive|human|product-ui,Active,2026-08-07,https://www.typeform.com,
40,Arc,https://arc.net,Webapp,Browser,Consumer Software,"Playful, gradient, expressive",Mixed,Sans,Browser UI,High,High,Medium,Strong consumer-software art direction,9.4,A,browser|consumer|gradient|playful|motion,Active,2026-08-07,https://arc.net,
41,Rive,https://rive.app,Webapp,Interactive animation,Creative Tools,"Motion-first, vibrant, technical",Dark,Sans,Interactive animation editor,High,High,Medium,Excellent motion/product integration,9.5,A,animation|creative|interactive|product-ui,Active,2026-08-07,https://rive.app,
42,Miro,https://miro.com,Webapp,Collaborative whiteboard,Productivity,"Bright, modular, product-led",Light,Sans,Board/product UI,Medium,High,Low,Complex collaboration product shown clearly,9.0,B,collaboration|productivity|product-ui|bright,Active,2026-08-07,https://miro.com,
43,Descript,https://www.descript.com,Webapp,Audio/video editing,Creative Tools,"Editorial, playful, product-first",Mixed,Sans,Editor UI,High,High,Low,Strong creator-product storytelling,9.2,A,video|audio|creative|product-ui|motion,Active,2026-08-07,https://www.descript.com,
44,Tana,https://tana.inc,Webapp,Knowledge management,Productivity,"Dark technical, knowledge-graph",Dark,Sans,Knowledge UI,Medium,High,Low,Distinctive graph/workspace presentation,9.0,B,knowledge|dark|productivity|product-ui,Active,2026-08-07,https://tana.inc,
45,Amie,https://amie.so,Webapp,Calendar / productivity,Productivity,"Soft, colorful, premium",Light,Sans,Calendar/product UI,High,High,Low,Beautiful consumer productivity aesthetic,9.3,A,calendar|productivity|soft|colorful|product-ui,Active,2026-08-07,https://amie.so,
46,Craft,https://www.craft.do,Webapp,Documents / notes,Productivity,"Premium, soft, Apple-like",Light,Sans,Document/product UI,Medium,High,Low,Highly polished productivity presentation,9.2,A,notes|documents|premium|product-ui,Active,2026-08-07,https://www.craft.do,
47,Cosmos,https://www.cosmos.so,Webapp,Visual discovery,Creative Tools,"Image-led, minimal, immersive",Dark,Sans,Visual feed/product UI,Medium,High,Low,Excellent visual-content interface,9.2,A,visual|discovery|creative|minimal|product-ui,Active,2026-08-07,https://www.cosmos.so,
48,Are.na,https://www.are.na,Webapp,Knowledge / visual bookmarking,Creative Tools,"Brutalist, utilitarian, editorial",Light,Sans,Content grid,Low,High,Low,Influential anti-polish information design,9.0,B,brutalist|knowledge|grid|editorial,Active,2026-08-07,https://www.are.na,
49,Perplexity,https://www.perplexity.ai,Webapp,AI search,AI Productivity,"Minimal, editorial, utility-first",Light,Sans,Search interface,Medium,High,Low,Strong utility-first AI interface language,9.1,A,ai|search|minimal|product-ui,Active,2026-08-07,https://www.perplexity.ai,
50,Gamma,https://gamma.app,Webapp,AI presentations,AI Productivity,"Modern, visual, template-led",Mixed,Sans,Generated content/product UI,Medium,High,Low,Good AI creation-flow presentation,8.9,B,ai|presentation|product-ui|visual,Active,2026-08-07,https://gamma.app,
51,Clay,https://www.clay.com,Webapp,Sales workflow,B2B Software,"Bold, warm, product-heavy",Light,Sans,Workflow/product UI,High,High,Low,Strong brand personality for complex B2B software,9.3,A,sales|b2b|bold|product-ui|motion,Active,2026-08-07,https://www.clay.com,
52,Rewind,https://www.rewind.ai,Webapp,Personal AI,AI Productivity,"Dark, cinematic, product-led",Dark,Sans,Product visualization,High,High,Medium,Strong cinematic technology storytelling,9.0,B,ai|dark|cinematic|product-ui,Active,2026-08-07,https://www.rewind.ai,
53,Napkin AI,https://www.napkin.ai,Webapp,AI visual communication,AI Productivity,"Bright, simple, illustration-led",Light,Sans,Generated visual UI,Medium,High,Low,Clear visual-AI product proposition,8.8,B,ai|visual|illustration|product-ui,Active,2026-08-07,https://www.napkin.ai,
54,Kosmik,https://www.kosmik.app,Webapp,Visual workspace,Creative Tools,"Spatial, dark, creative",Dark,Sans,Infinite canvas/product UI,Medium,High,Low,Interesting spatial interface reference,9.0,B,creative|spatial|dark|product-ui,Active,2026-08-07,https://www.kosmik.app,
55,Cron / Notion Calendar,https://www.notion.com/product/calendar,Webapp,Calendar,Productivity,"Minimal, product-led",Light,Sans,Calendar UI,Medium,High,Low,Clean calendar interaction reference,8.9,B,calendar|minimal|productivity|product-ui,Active,2026-08-07,https://www.notion.com/product/calendar,
56,Polestar,https://www.polestar.com,Website,Automotive,Automotive,"Scandinavian minimal, premium",Light,Modern sans,Product photography / configurator,High,Medium,Medium,Excellent luxury-tech restraint,9.6,A,automotive|minimal|premium|scandinavian,Active,2026-08-07,https://www.polestar.com,
57,Nothing,https://nothing.tech,Website,Consumer technology,Technology,"Monochrome, dot-grid, industrial",Mixed,Dot-matrix + sans,Product photography,High,Low,Medium,Distinctive visual identity applied digitally,9.5,A,tech|monochrome|industrial|typography,Active,2026-08-07,https://nothing.tech,
58,Teenage Engineering,https://teenage.engineering,Website,Consumer electronics,Technology,"Industrial, playful, ultra-minimal",Light,Sans / technical,Product photography,Medium,Low,Low,Exceptional product-first art direction,9.7,A,industrial|product|minimal|playful,Active,2026-08-07,https://teenage.engineering,
59,Aesop,https://www.aesop.com,Website,Beauty / retail,Luxury,"Luxury editorial, restrained",Light,Serif + sans,Editorial product photography,Medium,Low,Low,Elegant editorial commerce language,9.5,A,luxury|editorial|retail|minimal,Active,2026-08-07,https://www.aesop.com,
60,Apple,https://www.apple.com,Website,Consumer technology,Technology,"Product-first, cinematic, minimal",Mixed,Sans,Cinematic product storytelling,High,Medium,High,Benchmark for scroll-based product storytelling,9.8,A,tech|product|cinematic|minimal|motion,Active,2026-08-07,https://www.apple.com,
61,Nike,https://www.nike.com,Website,Fashion / sports,Retail,"Bold commerce, image-led",Mixed,Bold sans,Campaign imagery / commerce,High,Low,Medium,Strong campaign-to-commerce integration,9.1,A,fashion|sports|commerce|image-led,Active,2026-08-07,https://www.nike.com,
62,Gentle Monster,https://www.gentlemonster.com,Website,Eyewear / fashion,Luxury,"Surreal, cinematic, experimental",Dark,Sans,3D/campaign visuals,High,Low,High,Exceptional experimental retail art direction,9.6,A,fashion|surreal|3d|experimental|luxury,Active,2026-08-07,https://www.gentlemonster.com,
63,Arc'teryx,https://arcteryx.com,Website,Outdoor apparel,Retail,"Technical, premium, image-led",Mixed,Sans,Product/lifestyle photography,Medium,Low,Low,Strong technical luxury outdoor presentation,9.1,A,outdoor|technical|premium|commerce,Active,2026-08-07,https://arcteryx.com,
64,COLLINS,https://www.wearecollins.com,Website,Design studio,Creative Services,Bold brand storytelling,Mixed,Expressive typography,Case-study storytelling,High,Low,Medium,Top-tier brand case study presentation,9.8,A,studio|branding|typography|case-study,Active,2026-08-07,https://www.wearecollins.com,
65,Koto,https://koto.studio,Website,Design studio,Creative Services,"Bold, colorful, brand-led",Mixed,Large sans,Case-study montage,High,Low,Medium,Excellent visual identity and project presentation,9.6,A,studio|branding|bold|colorful,Active,2026-08-07,https://koto.studio,
66,Pentagram,https://www.pentagram.com,Website,Design studio,Creative Services,"Editorial grid, image-heavy",Light,Sans,Project archive,Medium,Low,Low,Benchmark for dense portfolio architecture,9.3,A,studio|editorial|grid|portfolio,Active,2026-08-07,https://www.pentagram.com,
67,Base Design,https://www.basedesign.com,Website,Design studio,Creative Services,"Editorial, refined, flexible",Mixed,Expressive sans,Case studies,High,Low,Medium,Strong editorial presentation system,9.5,A,studio|branding|editorial|case-study,Active,2026-08-07,https://www.basedesign.com,
68,PORTO ROCHA,https://www.portorocha.com,Website,Design studio,Creative Services,"Swiss-inspired, typographic, experimental",Mixed,Expressive typography,Portfolio / case studies,High,Low,Medium,Excellent typography and layout experimentation,9.6,A,studio|typography|swiss|experimental,Active,2026-08-07,https://www.portorocha.com,
69,Ragged Edge,https://raggededge.com,Website,Brand studio,Creative Services,"Bold editorial, provocative",Mixed,Large display type,Case studies,High,Low,Low,Strong tone and high-impact identity work,9.5,A,studio|branding|editorial|bold-type,Active,2026-08-07,https://raggededge.com,
70,Studio Dumbar / DEPT®,https://studiodumbar.com,Website,Design studio,Creative Services,"Motion identity, experimental",Mixed,Kinetic typography,Motion-first case studies,High,Low,Medium,Benchmark for kinetic identity systems,9.7,A,studio|motion|typography|experimental,Active,2026-08-07,https://studiodumbar.com,
71,DIA,https://dia.tv,Website,Design studio,Creative Services,"Kinetic typography, systems-led",Mixed,Kinetic display type,Motion identity work,High,Low,Medium,Excellent motion-system reference,9.6,A,studio|motion|typography|systems,Active,2026-08-07,https://dia.tv,
72,Lusion,https://lusion.co,Website,Digital studio,Creative Services,"Immersive, 3D, WebGL",Dark,Sans,3D interactive scenes,High,Low,High,High-end immersive web execution,9.7,A,studio|3d|webgl|immersive|motion,Active,2026-08-07,https://lusion.co,
73,Active Theory,https://activetheory.net,Website,Digital studio,Creative Services,"Cinematic, interactive, WebGL",Dark,Sans,Immersive interactive scenes,High,Low,High,Leading experiential web reference,9.8,A,studio|webgl|cinematic|interactive|3d,Active,2026-08-07,https://activetheory.net,
74,Locomotive,https://locomotive.ca,Website,Digital studio,Creative Services,"Bold typography, motion, editorial",Mixed,Large display sans,Case studies,High,Low,Medium,Strong motion and navigation patterns,9.5,A,studio|motion|typography|portfolio,Active,2026-08-07,https://locomotive.ca,
75,Build in Amsterdam,https://www.buildinamsterdam.com,Website,Digital agency,Creative Services,"Premium e-commerce, editorial",Mixed,Sans,Case studies / commerce,High,Low,Medium,Excellent digital-commerce case studies,9.4,A,agency|commerce|premium|editorial,Active,2026-08-07,https://www.buildinamsterdam.com,
76,BASIC/DEPT®,https://www.basicagency.com,Website,Digital agency,Creative Services,"Bold, youth-culture, digital-first",Dark,Sans,Case-study montage,High,Low,Medium,Strong contemporary agency art direction,9.3,A,agency|bold|culture|motion,Active,2026-08-07,https://www.basicagency.com,
77,Instrument,https://www.instrument.com,Website,Digital agency,Creative Services,"Minimal, refined, image-led",Light,Sans,Case studies,Medium,Low,Low,Highly polished restrained portfolio,9.3,A,agency|minimal|portfolio|image-led,Active,2026-08-07,https://www.instrument.com,
78,BUCK,https://buck.co,Website,Creative company,Creative Services,"Colorful, motion-heavy, playful",Mixed,Expressive sans,Animation / projects,High,Low,High,Exceptional motion and character work,9.6,A,studio|animation|colorful|motion,Active,2026-08-07,https://buck.co,
79,ManvsMachine,https://www.manvsmachine.co.uk,Website,Motion studio,Creative Services,"Cinematic, 3D, premium",Dark,Sans,Motion/3D reels,High,Low,High,Top-tier 3D and motion portfolio,9.6,A,studio|3d|motion|cinematic,Active,2026-08-07,https://www.manvsmachine.co.uk,
80,Stink Studios,https://www.stinkstudios.com,Website,Digital studio,Creative Services,"Experimental, interactive, campaign-led",Mixed,Sans,Interactive case studies,High,Low,Medium,Strong campaign and experience work,9.3,A,studio|interactive|campaign|motion,Active,2026-08-07,https://www.stinkstudios.com,
81,AKQA,https://www.akqa.com,Website,Creative agency,Creative Services,"Minimal, premium, image-led",Dark,Sans,Case studies,Medium,Low,Low,Strong global agency portfolio discipline,9.1,A,agency|premium|minimal|portfolio,Active,2026-08-07,https://www.akqa.com,
82,Mother Design,https://motherdesign.com,Website,Brand studio,Creative Services,"Bold, conceptual, editorial",Mixed,Display typography,Case studies,Medium,Low,Low,Strong conceptual brand storytelling,9.3,A,studio|branding|editorial|bold,Active,2026-08-07,https://motherdesign.com,
83,Made Thought,https://made-thought.com,Website,Design studio,Creative Services,"Luxury minimal, editorial",Light,Serif + sans,Case studies,Medium,Low,Low,Beautiful premium brand presentation,9.4,A,studio|luxury|minimal|editorial,Active,2026-08-07,https://made-thought.com,
84,North,https://northdesign.co.uk,Website,Design studio,Creative Services,"Swiss minimal, identity-led",Light,Sans,Case studies,Medium,Low,Low,Disciplined identity presentation,9.3,A,studio|swiss|minimal|branding,Active,2026-08-07,https://northdesign.co.uk,
85,Studio Feixen,https://www.studiofeixen.ch,Website,Design studio,Creative Services,"Playful Swiss, colorful, experimental",Mixed,Expressive typography,Portfolio,High,Low,Medium,Distinctive typographic play,9.5,A,studio|swiss|colorful|typography|experimental,Active,2026-08-07,https://www.studiofeixen.ch,
86,The Pudding,https://pudding.cool,Blog,Visual essays / data journalism,Editorial,"Experimental editorial, data storytelling",Mixed,Editorial sans/serif,Interactive story,High,Low,Medium,Benchmark for scrollytelling and bespoke article interfaces,9.9,A,editorial|data|scrollytelling|interactive,Active,2026-08-07,https://pudding.cool,Core editorial benchmark
87,It's Nice That,https://www.itsnicethat.com,Blog,Design / culture magazine,Editorial,"Bold magazine grid, colorful",Light,Bold sans,Editorial feed,Medium,Low,Low,Excellent visual culture magazine system,9.5,A,editorial|magazine|grid|colorful,Active,2026-08-07,https://www.itsnicethat.com,
88,WePresent,https://wepresent.wetransfer.com,Blog,Arts / culture,Editorial,"Image-led editorial, cinematic",Mixed,Editorial serif/sans,Feature story,High,Low,Medium,Strong long-form visual storytelling,9.6,A,editorial|culture|image-led|storytelling,Active,2026-08-07,https://wepresent.wetransfer.com,
89,The Creative Independent,https://thecreativeindependent.com,Blog,Creative practice,Editorial,"Retro, typographic, text-forward",Light,Serif + sans,Editorial index,Low,Low,Low,Distinctive independent publishing identity,9.3,A,editorial|retro|typography|independent,Active,2026-08-07,https://thecreativeindependent.com,
90,Stripe Press,https://press.stripe.com,Blog,Books / ideas,Editorial,"Premium editorial, bookish",Light,Serif + sans,Book catalog / essays,Low,Low,Low,Excellent premium publishing aesthetic,9.4,A,editorial|books|serif|premium,Active,2026-08-07,https://press.stripe.com,
91,Fonts In Use,https://fontsinuse.com,Blog,Typography archive,Editorial,"Dense archival grid, utilitarian",Light,Typography-led,Archive grid,Low,Low,Low,Excellent taxonomy and typography reference,9.2,A,typography|archive|grid|editorial,Active,2026-08-07,https://fontsinuse.com,
92,Creative Boom,https://www.creativeboom.com,Blog,Creative industries,Editorial,"Modern magazine, image-rich",Light,Sans + serif,Editorial feed,Medium,Low,Low,Strong contemporary magazine structure,9.0,B,editorial|magazine|creative|image-led,Active,2026-08-07,https://www.creativeboom.com,
93,Brand New,https://www.underconsideration.com/brandnew,Blog,Brand identity criticism,Editorial,"Dense editorial, graphic-design focused",Light,Sans,Article feed,Low,Low,Low,Useful brand-design editorial archive,8.9,B,branding|editorial|archive|design,Active,2026-08-07,https://www.underconsideration.com/brandnew,
94,Wallpaper*,https://www.wallpaper.com,Blog,Design / architecture / luxury,Editorial,"Premium magazine, image-led",Light,Editorial sans/serif,Magazine feature,Medium,Low,Low,Strong luxury editorial visual hierarchy,9.1,A,editorial|luxury|architecture|magazine,Active,2026-08-07,https://www.wallpaper.com,
95,Dezeen,https://www.dezeen.com,Blog,Architecture / design,Editorial,High-density editorial grid,Light,Sans,News grid,Low,Low,Low,Excellent high-volume visual editorial architecture,9.0,B,architecture|editorial|grid|news,Active,2026-08-07,https://www.dezeen.com,
96,Colossal,https://www.thisiscolossal.com,Blog,Art / visual culture,Editorial,"Image-first, clean editorial",Light,Sans,Large image stories,Low,Low,Low,Very effective art-focused image hierarchy,9.0,B,art|editorial|image-led|culture,Active,2026-08-07,https://www.thisiscolossal.com,
97,The Gentlewoman,https://thegentlewoman.co.uk,Blog,Fashion / culture,Editorial,"Fashion editorial, restrained",Light,Serif + sans,Editorial cover / features,Low,Low,Low,Strong print-to-web fashion language,9.2,A,fashion|editorial|magazine|minimal,Active,2026-08-07,https://thegentlewoman.co.uk,
98,Apartamento,https://www.apartamentomagazine.com,Blog,Interiors / culture,Editorial,Warm print-inspired editorial,Light,Serif + sans,Magazine stories,Low,Low,Low,Distinctive warm independent-magazine identity,9.1,A,interiors|editorial|print-inspired|culture,Active,2026-08-07,https://www.apartamentomagazine.com,
99,The Marginalian,https://www.themarginalian.org,Blog,Essays / culture,Editorial,"Long-form literary, text-led",Light,Serif,Long-form essay,Low,Low,Low,Strong long-form reading experience,9.0,B,longform|literary|editorial|serif,Active,2026-08-07,https://www.themarginalian.org,
100,Works in Progress,https://worksinprogress.co,Blog,Ideas / economics / technology,Editorial,"Modern long-form, restrained",Light,Serif + sans,Long-form feature,Low,Low,Low,Clean modern journal design with strong reading hierarchy,9.2,A,longform|journal|editorial|ideas,Active,2026-08-07,https://worksinprogress.co,
101,MUBI,https://mubi.com,Website,Streaming / cinema,Media & Entertainment,"Cinema editorial, bold typographic, image-led",Mixed,"Bold sans, editorial scale",Cinematic film-led hero,Medium,Medium,Low,Film curation treated like an editorial art object,9.6,A,cinema|editorial|film|typography|image-led,Active,2026-08-07,https://mubi.com,Strong reference for culture/media art direction
102,A24,https://a24films.com,Website,Film studio / culture,Media & Entertainment,"Editorial grid, raw, image-led",Mixed,Bold sans,Film trailer / title grid,Medium,Low,Low,A content archive that feels like a living film-poster system,9.7,A,film|editorial|grid|culture|image-led,Active,2026-08-07,https://a24films.com,Excellent content-first visual identity
103,MSCHF,https://mschf.com,Website,Art collective / drops,Culture,"Anti-design, internet-native, experimental",Light,Utilitarian sans,Drop archive / index,Low,Low,Low,Radical anti-polish interface that turns an archive into identity,9.5,A,anti-design|experimental|internet-native|archive|culture,Active,2026-08-07,https://mschf.com,
104,Jacquemus,https://www.jacquemus.com,Website,Fashion commerce,Luxury / Fashion,"Minimal luxury, campaign-led, editorial",Light,Refined sans,Campaign photography,Medium,Low,Low,Oversized imagery and whitespace create strong luxury pacing,9.4,A,fashion|luxury|editorial|minimal|image-led,Active,2026-08-07,https://www.jacquemus.com,
105,LOEWE,https://www.loewe.com,Website,Fashion commerce,Luxury / Fashion,Art-directed luxury editorial,Light,Serif + sans,Editorial campaign / product,Medium,Low,Low,"Art, craft and commerce blended without feeling template-driven",9.5,A,fashion|luxury|editorial|art-direction|commerce,Active,2026-08-07,https://www.loewe.com,
106,Marine Serre,https://www.marineserre.com,Website,Fashion commerce,Luxury / Fashion,"Experimental fashion, graphic, editorial",Mixed,Modern sans,Campaign imagery / collection,Medium,Low,Low,Strong fashion-world identity with unconventional composition,9.3,A,fashion|experimental|editorial|commerce|art-direction,Active,2026-08-07,https://www.marineserre.com,
107,Stone Island,https://www.stoneisland.com,Website,Fashion commerce,Fashion / Technology,"Technical fashion, industrial, product-led",Mixed,Technical sans,Product / material storytelling,Medium,Low,Low,Treats apparel like industrial design and materials research,9.3,A,fashion|technical|industrial|product-storytelling|commerce,Active,2026-08-07,https://www.stoneisland.com,
108,BYREDO,https://www.byredo.com,Website,Beauty commerce,Luxury / Beauty,"Luxury minimal, editorial, monochrome",Light,Refined sans,Product photography,Low,Low,Low,Exceptional restraint and premium whitespace,9.2,A,beauty|luxury|minimal|editorial|commerce,Active,2026-08-07,https://www.byredo.com,
109,Acne Studios,https://www.acnestudios.com,Website,Fashion commerce,Luxury / Fashion,"Scandinavian minimal, editorial",Light,Sans,Campaign + commerce,Medium,Low,Low,Clean fashion system with deliberate visual tension,9.2,A,fashion|scandinavian|minimal|editorial|commerce,Active,2026-08-07,https://www.acnestudios.com,
110,GANNI,https://www.ganni.com,Website,Fashion commerce,Fashion,"Playful fashion, colorful, campaign-led",Light,Sans,Campaign / product grid,Medium,Low,Low,Good reference for making commerce feel energetic and branded,9.1,B,fashion|playful|colorful|commerce|campaign,Active,2026-08-07,https://www.ganni.com,
111,On,https://www.on.com,Website,Performance products,Sports / Technology,"Technical premium, motion-led, product storytelling",Mixed,Modern sans,Product film / 3D detail,High,Medium,Medium,Exceptional physical-product storytelling and material closeups,9.5,A,sports|product|3d|motion|technical|commerce,Active,2026-08-07,https://www.on.com,
112,Oura,https://ouraring.com,Website,Wearable technology,Health / Technology,"Dark premium, cinematic, product-led",Mixed,Modern sans,3D product / lifestyle,High,Medium,Medium,"Strong use of light, macro product imagery and cinematic pacing",9.4,A,health|wearable|3d|cinematic|premium|product,Active,2026-08-07,https://ouraring.com,
113,NOWNESS,https://www.nowness.com,Blog,Film / art / culture,Editorial,"Video-first, minimal, cinematic editorial",Dark,Editorial sans,Featured film,Medium,Low,Low,Lets moving image dominate while interface stays quiet,9.5,A,editorial|video|culture|cinematic|minimal,Active,2026-08-07,https://www.nowness.com,
114,i-D,https://i-d.co,Blog,Fashion / youth culture,Editorial,"Bold fashion editorial, image-heavy",Light,Bold sans,Editorial cover story,Medium,Low,Low,Strong magazine identity with high-impact photography,9.3,A,editorial|fashion|culture|bold|image-led,Active,2026-08-07,https://i-d.co,
115,Dazed,https://www.dazeddigital.com,Blog,Fashion / culture,Editorial,"Dense contemporary magazine, expressive",Light,Sans,Editorial story grid,Medium,Low,Low,Strong high-volume editorial hierarchy and visual culture,9.2,A,editorial|fashion|culture|grid|magazine,Active,2026-08-07,https://www.dazeddigital.com,
116,Kinfolk,https://www.kinfolk.com,Blog,Lifestyle / culture,Editorial,"Quiet editorial, print-inspired, minimal",Light,Serif + sans,Editorial feature,Low,Low,Low,Excellent print-to-web pacing and restrained typography,9.3,A,editorial|minimal|serif|lifestyle|print-inspired,Active,2026-08-07,https://www.kinfolk.com,
117,Hello Monday,https://hellomonday.com,Website,Digital studio,Creative Services,"Playful interactive, motion-rich",Mixed,Expressive sans,Interactive project montage,High,Low,Medium,A studio site where interaction itself becomes the portfolio,9.7,A,studio|interactive|motion|playful|3d,Active,2026-08-07,https://hellomonday.com,
118,makemepulse,https://www.makemepulse.com,Website,Creative studio,Creative Services,"Immersive, experimental, motion-first",Dark,Sans,Interactive motion experience,High,Low,High,"Strong blend of storytelling, WebGL and kinetic interaction",9.7,A,studio|immersive|motion|webgl|experimental,Active,2026-08-07,https://www.makemepulse.com,
119,Dogstudio,https://dogstudio.co,Website,Digital studio,Creative Services,"WebGL, cinematic, immersive",Dark,Sans,Immersive portfolio,High,Low,High,High-end interactive transitions and spatial web composition,9.7,A,studio|webgl|immersive|cinematic|motion,Active,2026-08-07,https://dogstudio.co,
120,Uncommon Creative Studio,https://www.uncommon.studio,Website,Creative agency,Creative Services,"Bold editorial, campaign-led",Mixed,Large display type,Case-study / campaign montage,High,Low,Low,Strong advertising art direction with unapologetic typography,9.4,A,agency|editorial|bold|campaign|typography,Active,2026-08-07,https://www.uncommon.studio,
121,AREA 17,https://area17.com,Website,Design & technology studio,Creative Services,"Systems-led, editorial, refined",Light,Sans,Client / case-study system,Medium,Low,Low,"Excellent balance of brand systems, editorial structure and clarity",9.4,A,agency|systems|editorial|minimal|case-study,Active,2026-08-07,https://area17.com,
122,UNIT9,https://www.unit9.com,Website,Innovation production studio,Creative Services,"Experiential, cinematic, project-led",Dark,Sans,Showreel / project work,High,Low,High,Broad interactive/VR/game portfolio presented with cinematic energy,9.4,A,studio|experiential|vr|interactive|cinematic,Active,2026-08-07,https://www.unit9.com,
123,FIELD.IO,https://field.io,Website,Creative technology studio,Creative Services,"Generative, systems-led, motion-rich",Dark,Sans,Generative project montage,High,Low,High,Excellent reference for generative graphics and living visual systems,9.8,A,studio|generative|motion|systems|interactive,Active,2026-08-07,https://field.io,Core visual inspiration
124,FutureDeluxe,https://futuredeluxe.com,Website,Creative studio,Creative Services,"CGI, futuristic, cinematic",Dark,Sans,Motion / CGI reel,High,Low,High,Visually dense CGI and speculative product imagery,9.8,A,studio|cgi|3d|motion|futuristic,Active,2026-08-07,https://futuredeluxe.com,Core 3D reference
125,Universal Everything,https://www.universaleverything.com,Website,Media art studio,Art / Technology,"Generative art, living motion, experimental",Dark,Experimental sans,Generative motion artwork,High,Low,High,Interface functions as a frame for living digital artworks,9.8,A,generative|art|motion|experimental|digital-art,Active,2026-08-07,https://www.universaleverything.com,
126,Refik Anadol Studio,https://refikanadol.com,Website,Digital art,Art / Technology,"Data-art, immersive, minimal framing",Dark,Minimal sans,Generative artwork,High,Low,High,Large-scale AI/data art presented with museum-like restraint,9.7,A,data-art|generative|ai|immersive|art,Active,2026-08-07,https://refikanadol.com,
127,Marshmallow Laser Feast,https://marshmallowlaserfeast.com,Website,Immersive art studio,Art / Technology,"Nature-led, immersive, image-first",Dark,Minimal sans,Immersive installation imagery,Medium,Low,High,"Beautiful intersection of nature, XR and sensory storytelling",9.6,A,immersive|nature|xr|art|image-led,Active,2026-08-07,https://marshmallowlaserfeast.com,
128,Tendril,https://tendril.studio,Website,3D / CGI studio,Creative Services,"CGI, tactile, technology-led",Dark,Sans,3D project montage,High,Low,High,"Exceptional rendering, material language and technology visualization",9.8,A,cgi|3d|technology|motion|studio,Active,2026-08-07,https://tendril.studio,Core 3D reference
129,Six N. Five,https://sixnfive.com,Website,Digital art studio,Art / Design,"Surreal CGI, serene, minimal",Light,Minimal sans,Digital artwork / worlds,Medium,Low,High,Dreamlike CGI worlds with gallery-level restraint,9.7,A,cgi|surreal|art|minimal|3d,Active,2026-08-07,https://sixnfive.com,
130,Random Studio,https://random.studio,Website,Experience design studio,Creative Services,"Spatial, interactive, fashion-forward",Mixed,Sans,Spatial / interactive case studies,High,Low,High,Strong reference for digital-to-physical interaction and spatial design,9.6,A,studio|spatial|interactive|fashion|experience,Active,2026-08-07,https://random.studio,
131,Territory Studio,https://territorystudio.com,Website,Motion / interface studio,Creative Services,"Sci-fi interface, cinematic, motion-led",Dark,Technical sans,Film UI / motion work,High,Low,High,Outstanding inspiration for fictional interfaces and cinematic UI,9.7,A,sci-fi|interface|motion|cinematic|studio,Active,2026-08-07,https://territorystudio.com,
132,Gretel,https://gretelny.com,Website,Brand studio,Creative Services,"Identity systems, bold, motion-aware",Mixed,Expressive typography,Case-study identity system,Medium,Low,Medium,Excellent presentation of scalable identity systems in motion,9.5,A,branding|systems|motion|typography|case-study,Active,2026-08-07,https://gretelny.com,
133,XXIX,https://www.xxix.co,Website,Product & brand studio,Creative Services,"Minimal product design, editorial",Light,Sans,Product / brand case studies,Medium,Low,Low,Highly controlled product-design presentation with strong spacing,9.3,A,studio|product-design|branding|minimal|editorial,Active,2026-08-07,https://www.xxix.co,
134,monopo london,https://monopo.london,Website,Creative agency,Creative Services,"Art-directed, playful, culture-led",Mixed,Expressive sans,Project montage,High,Low,Medium,Global creative-work presentation with a strong cultural tone,9.4,A,agency|art-direction|playful|culture|motion,Active,2026-08-07,https://monopo.london,
135,Poolsuite,https://poolsuite.net,Webapp,Internet radio / lifestyle,Media & Entertainment,"Retro skeuomorphic, playful, nostalgic",Mixed,Retro system typography,Desktop-style radio interface,Medium,High,Low,One of the best examples of nostalgic skeuomorphism used as brand,9.8,A,retro|skeuomorphic|music|webapp|nostalgia,Active,2026-08-07,https://poolsuite.net,Core interaction reference
136,Same Energy,https://same.energy,Webapp,Visual search,Creative Tools,"Image-grid minimal, utility-first",Light,Minimal sans,Infinite visual search grid,Low,High,Low,Interface nearly disappears and lets visual relationships become design,9.3,A,visual-search|grid|minimal|image-led|utility,Active,2026-08-07,https://same.energy,
137,Krea,https://www.krea.ai,Webapp,Creative AI,AI / Creative Tools,"Visual AI, gallery-led, product-rich",Dark,Sans,Generated media / live product UI,High,High,Medium,Shows a complex AI suite through constantly changing visual output,9.5,A,ai|creative|visual|product-ui|gallery|motion,Active,2026-08-07,https://www.krea.ai,
138,Runway,https://runway.com,SaaS,AI media creation,AI / Creative Tools,"Cinematic AI, research-led, minimal",Dark,Sans,Generated video / research narrative,High,High,Medium,Combines frontier-tech positioning with cinematic creative work,9.5,A,ai|video|cinematic|product-ui|research,Active,2026-08-07,https://runway.com,
139,Dataland,https://dataland.art,Website,AI art museum,Art / Technology,"Immersive data-art, futuristic, museum-like",Dark,Minimal sans,Generative art environment,High,Low,High,Excellent reference for digital museum atmosphere and AI-art framing,9.7,A,art|ai|data|immersive|museum,Active,2026-08-07,https://dataland.art,
140,Daylight,https://daylightcomputer.com,Website,Consumer hardware,Technology,"Warm retro-tech, editorial, tactile",Light,Humanist sans / serif accents,Hardware lifestyle storytelling,Medium,Low,Low,Rejects cold-tech aesthetics in favor of warm paper-like presentation,9.5,A,hardware|editorial|warm|retro|product,Active,2026-08-07,https://daylightcomputer.com,
141,Neko Health,https://www.nekohealth.com,Website,Health technology,Health / Technology,"Futuristic clinical, premium, spatial",Mixed,Modern sans,Scanner / health experience,High,Medium,Medium,Turns medical technology into a calm futuristic consumer experience,9.4,A,health|futuristic|clinical|3d|product,Active,2026-08-07,https://www.nekohealth.com,
142,The Light Phone,https://www.thelightphone.com,Website,Consumer hardware,Technology,"Monochrome minimal, anti-tech",Light,Minimal sans,Device photography,Low,Low,Low,Radical restraint reinforces the product's anti-distraction philosophy,9.4,A,hardware|minimal|monochrome|anti-tech|product,Active,2026-08-07,https://www.thelightphone.com,
143,Radiooooo,https://radiooooo.com,Webapp,Music discovery,Media & Entertainment,"Interactive map, retro, playful",Mixed,Retro sans,World map music interface,Medium,High,Low,A memorable geographic interface for temporal music discovery,9.6,A,music|map|retro|interactive|webapp,Active,2026-08-07,https://radiooooo.com,
144,Neal.fun,https://neal.fun,Webapp,Interactive experiments,Entertainment / Education,"Playful interactive, concept-first",Mixed,Simple sans,Interactive experiment,High,High,Medium,Every project uses interaction as the core visual idea,9.7,A,interactive|playful|experiments|concept|webapp,Active,2026-08-07,https://neal.fun,Core interactive reference
145,Bruno Simon,https://bruno-simon.com,Website,Creative developer portfolio,Creative Services,"3D game-like, WebGL, playful",Dark,Sans,Driveable 3D world,High,High,High,Portfolio navigation transformed into a playable 3D environment,9.9,A,3d|webgl|game|portfolio|interactive,Active,2026-08-07,https://bruno-simon.com,Core WebGL reference
146,Earth.fm,https://earth.fm,Webapp,Nature sound discovery,Media & Wellness,"Calm, map-led, atmospheric",Dark,Soft sans,Nature sound map,Medium,High,Low,Excellent example of emotional UX built around sound and place,9.3,A,nature|audio|map|calm|immersive,Active,2026-08-07,https://earth.fm,
147,Resn,https://resn.co.nz,Website,Creative digital agency,Creative Services,"Experimental, WebGL, surreal",Dark,Sans,Interactive studio experience,High,Low,High,"Long-running benchmark for weird, technically ambitious interactive work",9.7,A,agency|experimental|webgl|interactive|surreal,Active,2026-08-07,https://resn.co.nz,
148,Builders Club,https://builders-club.com,Website,Creative production studio,Creative Services,"3D, CGI, motion-first",Dark,Sans,CGI / motion reel,High,Low,High,High-impact 3D production work with premium digital presentation,9.6,A,studio|3d|cgi|motion|production,Active,2026-08-07,https://builders-club.com,
149,MOUTHWASH Studio,https://mouthwash.studio,Website,Design studio,Creative Services,"Editorial, cultural, refined, brand-led",Light,Expressive sans / serif,Case-study editorial,Medium,Low,Low,Balances conceptual branding with exceptionally considered editorial layouts,9.6,A,studio|editorial|branding|culture|art-direction,Active,2026-08-07,https://mouthwash.studio,
150,Immersive Garden,https://immersive-g.com,Website,Interactive studio,Creative Services,"Immersive WebGL, 3D storytelling",Dark,Sans,Interactive 3D experience,High,Low,High,Strong reference for symbolic storytelling through real-time 3D,9.6,A,studio|webgl|immersive|3d|storytelling,Active,2026-08-07,https://immersive-g.com,
151,Prada,https://www.prada.com,Website,Fashion commerce,Luxury / Fashion,"Editorial luxury, campaign-led, art-directed",Light,Refined sans,Campaign + collection imagery,Medium,Low,Low,Balances commerce with high-fashion editorial pacing,9.5,A,fashion|luxury|editorial|art-direction|commerce,Active,2026-08-07,https://www.prada.com,
152,Bottega Veneta,https://www.bottegaveneta.com,Website,Fashion commerce,Luxury / Fashion,"Quiet luxury, image-led, minimal",Light,Refined sans,Campaign photography,Low,Low,Low,Exceptional restraint and tactile product photography,9.4,A,fashion|luxury|minimal|image-led|commerce,Active,2026-08-07,https://www.bottegaveneta.com,
153,Balenciaga,https://www.balenciaga.com,Website,Fashion commerce,Luxury / Fashion,"Brutalist luxury, utilitarian, campaign-led",Light,Utilitarian sans,Campaign / product grid,Medium,Low,Low,Intentionally austere interface creates a strong fashion identity,9.5,A,fashion|brutalist|luxury|utilitarian|commerce,Active,2026-08-07,https://www.balenciaga.com,
154,Maison Margiela,https://www.maisonmargiela.com,Website,Fashion commerce,Luxury / Fashion,"Conceptual editorial, monochrome, experimental",Light,Sans,Collection / campaign imagery,Medium,Low,Low,Fashion-house conceptual language carried into the interface,9.4,A,fashion|conceptual|editorial|monochrome|commerce,Active,2026-08-07,https://www.maisonmargiela.com,
155,Louis Vuitton,https://www.louisvuitton.com,Website,Fashion commerce,Luxury / Fashion,"Cinematic luxury, campaign-rich, immersive",Mixed,Luxury sans,Campaign film / product storytelling,High,Low,Medium,High-production digital campaigns integrated into commerce,9.6,A,fashion|luxury|cinematic|campaign|motion|commerce,Active,2026-08-07,https://www.louisvuitton.com,
156,Hermès,https://www.hermes.com,Website,Luxury commerce,Luxury / Fashion,"Playful luxury, illustration, editorial",Light,Refined serif + sans,Editorial campaign / illustrated modules,Medium,Low,Low,Distinctive use of illustration and storytelling within luxury retail,9.5,A,luxury|illustration|editorial|playful|commerce,Active,2026-08-07,https://www.hermes.com,
157,Dior,https://www.dior.com,Website,Fashion commerce,Luxury / Fashion,Cinematic editorial luxury,Mixed,Elegant serif + sans,Campaign film / photography,High,Low,Low,Strong editorial rhythm and cinematic fashion storytelling,9.5,A,fashion|luxury|cinematic|editorial|commerce,Active,2026-08-07,https://www.dior.com,
158,Saint Laurent,https://www.ysl.com,Website,Fashion commerce,Luxury / Fashion,"Monochrome fashion, minimal, severe",Light,Condensed / modern sans,Full-bleed campaign imagery,Medium,Low,Low,High-contrast visual identity with very controlled typography,9.4,A,fashion|monochrome|minimal|luxury|image-led,Active,2026-08-07,https://www.ysl.com,
159,Moncler,https://www.moncler.com,Website,Fashion commerce,Luxury / Fashion,"Cinematic outdoor luxury, image-led",Mixed,Sans,Campaign film / collection,High,Low,Medium,"Strong blend of performance, luxury and spectacle",9.4,A,fashion|outdoor|luxury|cinematic|motion,Active,2026-08-07,https://www.moncler.com,
160,Lemaire,https://www.lemaire.fr,Website,Fashion commerce,Luxury / Fashion,"Quiet editorial, warm minimalism",Light,Refined sans,Editorial product photography,Low,Low,Low,Subtle typography and calm image sequencing,9.3,A,fashion|minimal|editorial|quiet-luxury|commerce,Active,2026-08-07,https://www.lemaire.fr,
161,Jil Sander,https://www.jilsander.com,Website,Fashion commerce,Luxury / Fashion,"Minimalist luxury, architectural",Light,Modern sans,Campaign / product imagery,Low,Low,Low,Precise spacing and architectural restraint,9.2,A,fashion|minimal|architectural|luxury|commerce,Active,2026-08-07,https://www.jilsander.com,
162,Our Legacy,https://www.ourlegacy.com,Website,Fashion commerce,Fashion,"Raw editorial, understated, image-led",Light,Sans,Collection imagery,Low,Low,Low,Independent-fashion visual language without decorative UI,9.2,A,fashion|editorial|minimal|independent|commerce,Active,2026-08-07,https://www.ourlegacy.com,
163,Aimé Leon Dore,https://www.aimeleondore.com,Website,Fashion commerce,Fashion / Lifestyle,"Editorial lifestyle, nostalgic, premium",Light,Classic sans / serif accents,Lifestyle campaign imagery,Low,Low,Low,Excellent lifestyle world-building through photography,9.3,A,fashion|lifestyle|editorial|nostalgic|commerce,Active,2026-08-07,https://www.aimeleondore.com,
164,Fear of God,https://fearofgod.com,Website,Fashion commerce,Luxury / Fashion,"Monumental minimalism, neutral palette",Light,Large sans,Full-screen campaign imagery,Low,Low,Low,Extreme restraint makes proportion and photography the design,9.4,A,fashion|minimal|neutral|luxury|image-led,Active,2026-08-07,https://fearofgod.com,
165,Salomon,https://www.salomon.com,Website,Sports commerce,Sports / Outdoor,"Technical sports, energetic, product-led",Mixed,Technical sans,Product / athlete storytelling,Medium,Low,Low,Strong technical identity with dynamic campaign imagery,9.1,B,sports|outdoor|technical|commerce|product,Active,2026-08-07,https://www.salomon.com,
166,Porsche,https://www.porsche.com,Website,Automotive,Automotive,"Cinematic automotive, premium, product-led",Mixed,Modern sans,Vehicle film / configurator,High,Medium,Medium,Excellent use of motion and product cinematography,9.6,A,automotive|cinematic|premium|product|motion,Active,2026-08-07,https://www.porsche.com,
167,Ferrari,https://www.ferrari.com,Website,Automotive,Automotive,"Performance luxury, cinematic, editorial",Dark,Bold sans,Vehicle / motorsport film,High,Medium,Medium,Strong fusion of editorial heritage and high-performance imagery,9.5,A,automotive|luxury|cinematic|editorial|motion,Active,2026-08-07,https://www.ferrari.com,
168,Lamborghini,https://www.lamborghini.com,Website,Automotive,Automotive,"Angular, aggressive, futuristic",Dark,Geometric sans,Vehicle film / configurator,High,Medium,Medium,Interface mirrors the sharp industrial language of the cars,9.4,A,automotive|futuristic|angular|dark|motion,Active,2026-08-07,https://www.lamborghini.com,
169,Rivian,https://rivian.com,Website,Automotive,Automotive / Outdoor,"Editorial adventure, clean, product-led",Light,Modern sans,Vehicle / lifestyle imagery,Medium,Medium,Low,Warm outdoors storytelling for a technology product,9.3,A,automotive|outdoor|editorial|product|clean,Active,2026-08-07,https://rivian.com,
170,Lucid,https://lucidmotors.com,Website,Automotive,Automotive,"Futuristic luxury, minimal, cinematic",Mixed,Modern sans,Vehicle film / detail,High,Medium,Medium,Premium electric-product storytelling with sleek motion,9.3,A,automotive|luxury|futuristic|cinematic|product,Active,2026-08-07,https://lucidmotors.com,
171,Genesis,https://www.genesis.com,Website,Automotive,Automotive,"Luxury editorial, spacious, cinematic",Dark,Refined sans,Vehicle photography / film,High,Medium,Low,Luxury-car storytelling with restrained Korean art direction,9.3,A,automotive|luxury|editorial|cinematic|minimal,Active,2026-08-07,https://www.genesis.com,
172,Volvo Cars,https://www.volvocars.com,Website,Automotive,Automotive,"Scandinavian clean, product-first",Light,Modern sans,Vehicle + feature storytelling,Medium,Medium,Low,Clear Scandinavian information hierarchy and product presentation,9.1,B,automotive|scandinavian|clean|product|minimal,Active,2026-08-07,https://www.volvocars.com,
173,Land Rover,https://www.landrover.com,Website,Automotive,Automotive / Luxury,Cinematic outdoor luxury,Dark,Modern sans,Landscape / vehicle film,High,Medium,Low,Landscape photography creates a strong premium-adventure atmosphere,9.2,A,automotive|outdoor|luxury|cinematic|image-led,Active,2026-08-07,https://www.landrover.com,
174,Bang & Olufsen,https://www.bang-olufsen.com,Website,Consumer electronics,Technology / Luxury,"Industrial luxury, tactile, editorial",Light,Refined sans,Product closeups / material story,High,Medium,Medium,Exceptional material photography and premium product pacing,9.6,A,audio|industrial|luxury|product|editorial,Active,2026-08-07,https://www.bang-olufsen.com,
175,Sonos,https://www.sonos.com,Website,Consumer electronics,Technology / Audio,"Modern product-led, bold, lifestyle",Mixed,Bold sans,Product + lifestyle imagery,Medium,Medium,Low,Clean product storytelling with strong brand scale,9.2,A,audio|product|lifestyle|technology|commerce,Active,2026-08-07,https://www.sonos.com,
176,Leica,https://leica-camera.com,Website,Photography hardware,Technology / Photography,"Heritage luxury, editorial, image-led",Dark,Sans,Photography / camera product,Medium,Low,Low,Photography itself drives a strong premium visual experience,9.4,A,camera|photography|luxury|editorial|product,Active,2026-08-07,https://leica-camera.com,
177,Hasselblad,https://www.hasselblad.com,Website,Photography hardware,Technology / Photography,"Minimal premium, photography-first",Dark,Modern sans,Camera / photography imagery,Medium,Low,Low,Excellent restraint around high-quality imagery,9.3,A,camera|photography|minimal|premium|product,Active,2026-08-07,https://www.hasselblad.com,
178,Framework,https://frame.work,Website,Computer hardware,Technology,"Technical modular, friendly, product-led",Light,Modern sans,Exploded hardware / product story,Medium,Medium,Low,Makes repairability and modularity visually understandable,9.2,A,hardware|modular|technical|product|sustainable,Active,2026-08-07,https://frame.work,
179,reMarkable,https://remarkable.com,Website,Consumer hardware,Technology / Productivity,"Paper-like minimalism, tactile, calm",Light,Humanist sans,Device handwriting / product,Medium,Medium,Low,Visual language matches the distraction-free product philosophy,9.4,A,hardware|minimal|paper|productivity|product,Active,2026-08-07,https://remarkable.com,
180,Snøhetta,https://www.snohetta.com,Website,Architecture studio,Architecture / Design,"Editorial portfolio, image-led, sophisticated",Light,Sans,Project image grid,Medium,Low,Low,Excellent multidisciplinary portfolio architecture,9.5,A,architecture|studio|editorial|portfolio|image-led,Active,2026-08-07,https://www.snohetta.com,
181,BIG,https://big.dk,Website,Architecture studio,Architecture,"Dense visual archive, grid, playful",Light,Sans,Project archive,Medium,Low,Low,Large project catalog remains visually navigable and distinctive,9.4,A,architecture|grid|archive|portfolio|studio,Active,2026-08-07,https://big.dk,
182,OMA,https://www.oma.com,Website,Architecture studio,Architecture,"Information-dense, editorial, utilitarian",Light,Sans,Project/news archive,Low,Low,Low,Architecture archive treated as a rigorous information system,9.3,A,architecture|editorial|archive|utilitarian|grid,Active,2026-08-07,https://www.oma.com,
183,Foster + Partners,https://www.fosterandpartners.com,Website,Architecture studio,Architecture,"Minimal architecture portfolio, image-led",Light,Sans,Project photography,Medium,Low,Low,Clean hierarchy lets architecture photography dominate,9.2,A,architecture|minimal|portfolio|image-led|studio,Active,2026-08-07,https://www.fosterandpartners.com,
184,David Chipperfield Architects,https://davidchipperfield.com,Website,Architecture studio,Architecture,"Quiet editorial, rigorous grid",Light,Sans,Project archive,Low,Low,Low,Strong architectural restraint and typographic discipline,9.4,A,architecture|editorial|grid|minimal|portfolio,Active,2026-08-07,https://davidchipperfield.com,
185,Vitra,https://www.vitra.com,Website,Furniture / design,Furniture / Industrial Design,"Modernist product editorial, colorful",Light,Modern sans,Furniture + editorial content,Medium,Low,Low,"Combines design heritage, editorial content and commerce elegantly",9.4,A,furniture|modernist|editorial|product|design,Active,2026-08-07,https://www.vitra.com,
186,Muuto,https://www.muuto.com,Website,Furniture / design,Furniture / Interior,"Scandinavian lifestyle, soft editorial",Light,Sans,Interior photography,Low,Low,Low,"Excellent color, whitespace and lifestyle photography balance",9.2,A,furniture|scandinavian|editorial|interior|minimal,Active,2026-08-07,https://www.muuto.com,
187,HAY,https://www.hay.com,Website,Furniture / design,Furniture / Interior,"Colorful Scandinavian, product-grid",Light,Sans,Product / interior imagery,Low,Low,Low,Playful color system within a disciplined commerce grid,9.2,A,furniture|scandinavian|colorful|grid|commerce,Active,2026-08-07,https://www.hay.com,
188,USM,https://www.usm.com,Website,Furniture / modular systems,Furniture / Industrial Design,"Swiss modular, geometric, product-led",Light,Sans,Modular system / configuration,Medium,Medium,Low,Interface language reflects the modular logic of the product,9.3,A,furniture|swiss|modular|geometric|product,Active,2026-08-07,https://www.usm.com,
189,Herman Miller,https://www.hermanmiller.com,Website,Furniture / design,Furniture / Interior,Modernist editorial commerce,Light,Sans,Iconic product + stories,Medium,Low,Low,Strong design-history storytelling within a commerce system,9.2,A,furniture|modernist|editorial|commerce|design,Active,2026-08-07,https://www.hermanmiller.com,
190,MoMA,https://www.moma.org,Website,Museum,Arts & Culture,"Modernist editorial, high-density, iconic",Light,Bold sans,Exhibition / collection modules,Medium,Low,Low,Museum identity translated into a robust digital publishing system,9.5,A,museum|art|editorial|modernist|grid,Active,2026-08-07,https://www.moma.org,
191,V&A,https://www.vam.ac.uk,Website,Museum,Arts & Culture,"Editorial museum, image-rich, modular",Light,Sans,Exhibition / collection imagery,Medium,Low,Low,Excellent high-volume cultural content architecture,9.3,A,museum|design|editorial|culture|grid,Active,2026-08-07,https://www.vam.ac.uk,
192,Barbican,https://www.barbican.org.uk,Website,Arts centre,Arts & Culture,"Brutalist cultural, bold, program-led",Light,Bold sans,Events / cultural program,Medium,Low,Low,Strong institutional identity with unusually bold typography,9.4,A,culture|brutalist|events|typography|institution,Active,2026-08-07,https://www.barbican.org.uk,
193,Serpentine,https://www.serpentinegalleries.org,Website,Gallery,Arts & Culture,"Contemporary art, editorial, experimental",Light,Sans,Exhibition / artist content,Medium,Low,Low,Art-forward publishing system with distinctive graphic identity,9.3,A,gallery|art|editorial|experimental|culture,Active,2026-08-07,https://www.serpentinegalleries.org,
194,M+,https://www.mplus.org.hk,Website,Museum,Arts & Culture,"Contemporary museum, visual grid, bold",Light,Sans,Exhibition / collection grid,Medium,Low,Low,Strong contemporary visual-culture information system,9.4,A,museum|culture|grid|contemporary|editorial,Active,2026-08-07,https://www.mplus.org.hk,
195,Cooper Hewitt,https://www.cooperhewitt.org,Website,Design museum,Arts & Culture,"Design archive, typographic, educational",Light,Sans,Collection / exhibition grid,Low,Low,Low,Useful reference for taxonomy-heavy design content,9.1,B,museum|design|archive|typography|editorial,Active,2026-08-07,https://www.cooperhewitt.org,
196,New Museum,https://www.newmuseum.org,Website,Contemporary art museum,Arts & Culture,"Contemporary, typographic, institutional",Light,Sans,Exhibition / program,Medium,Low,Low,Strong contemporary-art identity without overdecorating content,9.2,A,museum|contemporary-art|typography|culture|editorial,Active,2026-08-07,https://www.newmuseum.org,
197,Monocle,https://monocle.com,Blog,Culture / affairs / design,Editorial,"Premium global magazine, print-inspired",Light,Serif + sans,Editorial front page,Low,Low,Low,Exceptional translation of a print editorial brand to web,9.4,A,editorial|magazine|print-inspired|culture|premium,Active,2026-08-07,https://monocle.com,
198,Emergence Magazine,https://emergencemagazine.org,Blog,Ecology / culture,Editorial,"Immersive long-form, atmospheric, literary",Mixed,Serif + sans,Feature story / audio / imagery,Medium,Low,Low,"Beautiful long-form pacing with sound, photography and essays",9.7,A,editorial|longform|immersive|nature|literary,Active,2026-08-07,https://emergencemagazine.org,
199,The Verge,https://www.theverge.com,Blog,Technology / culture,Editorial,"Bold modular editorial, expressive",Light,Bold sans,News / feature grid,Medium,Low,Low,Strong visual system for high-volume technology journalism,9.3,A,editorial|technology|grid|bold|magazine,Active,2026-08-07,https://www.theverge.com,
200,Pitchfork,https://pitchfork.com,Blog,Music,Editorial,"Music magazine, expressive, image-led",Light,Bold sans,Featured review / stories,Medium,Low,Low,Distinctive music editorial hierarchy and cultural imagery,9.2,A,editorial|music|magazine|image-led|culture,Active,2026-08-07,https://pitchfork.com,
201,NTS Radio,https://www.nts.live,Webapp,Internet radio,Media & Entertainment,"Brutalist radio, utility-first, cultural",Light,Utilitarian sans,Live radio / schedule,Low,High,Low,A functional streaming interface with strong subcultural identity,9.5,A,music|radio|brutalist|culture|webapp,Active,2026-08-07,https://www.nts.live,
202,Frieze,https://www.frieze.com,Blog,Contemporary art,Editorial,"Art editorial, refined, high-density",Light,Serif + sans,Editorial / exhibition content,Low,Low,Low,Balances art-market information and magazine storytelling,9.2,A,editorial|art|magazine|culture|grid,Active,2026-08-07,https://www.frieze.com,
203,The New Yorker,https://www.newyorker.com,Blog,Culture / journalism,Editorial,"Classic editorial, illustration-led",Light,Serif + sans,Feature illustration / stories,Low,Low,Low,Iconic editorial identity and illustration system,9.4,A,editorial|illustration|magazine|literary|culture,Active,2026-08-07,https://www.newyorker.com,
204,GQ,https://www.gq.com,Blog,Fashion / culture,Editorial,"Fashion editorial, bold photography",Light,Sans,Cover story / editorial imagery,Medium,Low,Low,Strong fashion-magazine photography and headline hierarchy,9.1,B,editorial|fashion|magazine|photography|culture,Active,2026-08-07,https://www.gq.com,
205,Work & Co,https://www.work.co,Website,Digital product agency,Creative Services,"Product-focused, minimal, case-study-led",Light,Sans,Case-study montage,Medium,Low,Low,Excellent digital-product case studies with little visual noise,9.4,A,agency|product-design|minimal|case-study|digital,Active,2026-08-07,https://www.work.co,
206,Code and Theory,https://www.codeandtheory.com,Website,Digital agency,Creative Services,"Editorial agency, systems-led, bold",Mixed,Sans,Case studies / thought leadership,Medium,Low,Low,Strong intersection of digital systems and editorial presentation,9.2,A,agency|systems|editorial|case-study|digital,Active,2026-08-07,https://www.codeandtheory.com,
207,Basement Studio,https://basement.studio,Website,Creative digital studio,Creative Services,"Bold, playful, motion-led",Mixed,Expressive sans,Interactive case-study montage,High,Low,Medium,High-energy digital art direction with strong motion,9.6,A,studio|motion|playful|interactive|bold,Active,2026-08-07,https://basement.studio,
208,onedotzero,https://www.onedotzero.com,Website,Digital arts studio,Creative Services,"Digital culture, motion, experimental",Dark,Sans,Moving-image project archive,Medium,Low,Medium,Strong archive of digital moving-image culture,9.3,A,studio|motion|digital-art|experimental|culture,Active,2026-08-07,https://www.onedotzero.com,
209,Milanote,https://milanote.com,Webapp,Creative workspace,Creative Tools,"Visual workspace, collage-like, product-led",Light,Sans,Board / visual workspace UI,Medium,High,Low,Product interface communicates spatial organization immediately,9.2,A,creative|workspace|visual|product-ui|collage,Active,2026-08-07,https://milanote.com,
210,mymind,https://mymind.com,Webapp,Visual bookmarking / memory,Productivity,"Dreamy visual archive, editorial, AI-assisted",Dark,Sans,Visual card / memory stream,Medium,High,Low,Distinctive personal-memory interface built around imagery,9.5,A,visual|bookmarking|ai|product-ui|editorial,Active,2026-08-07,https://mymind.com,
211,Raindrop.io,https://raindrop.io,Webapp,Bookmark manager,Productivity,"Clean visual grid, utility-first",Light,Sans,Bookmark collections UI,Low,High,Low,Good reference for content-dense visual organization,9.0,B,bookmarks|grid|productivity|product-ui|clean,Active,2026-08-07,https://raindrop.io,
212,Jitter,https://jitter.video,Webapp,Motion design,Creative Tools,"Motion-first, colorful, product-led",Light,Sans,Animation editor / examples,High,High,Low,Marketing site uses the product's motion output as its identity,9.4,A,motion|creative|animation|product-ui|colorful,Active,2026-08-07,https://jitter.video,
213,ProtoPie,https://www.protopie.io,Webapp,Prototyping,Design Tools,"Interactive product-led, technical",Light,Sans,Prototype / interaction demos,High,High,Low,Excellent demonstration of complex interaction behavior,9.2,A,prototyping|interactive|design-tool|product-ui|motion,Active,2026-08-07,https://www.protopie.io,
214,Sketch,https://www.sketch.com,Webapp,Interface design,Design Tools,"Friendly product-led, refined, designer-centric",Light,Sans,Design editor / feature demos,Medium,High,Low,Strong balance of product details and restrained visual identity,9.2,A,design-tool|product-ui|creative|clean|prototyping,Active,2026-08-07,https://www.sketch.com,
215,LottieFiles,https://lottiefiles.com,Webapp,Animation platform,Creative Tools,"Animation-rich, playful, community-led",Light,Sans,Animated asset showcase,High,High,Low,Naturally motion-heavy interface with strong community content,9.2,A,animation|motion|creative|community|product-ui,Active,2026-08-07,https://lottiefiles.com,
216,Shapr3D,https://www.shapr3d.com,Webapp,3D CAD,Design Tools,"3D product-led, technical, premium",Mixed,Modern sans,3D model / CAD interface,High,High,High,Excellent presentation of spatial product workflows,9.4,A,3d|cad|design-tool|product-ui|technical,Active,2026-08-07,https://www.shapr3d.com,
217,Concepts,https://concepts.app,Webapp,Sketching / drawing,Creative Tools,"Illustration-led, colorful, tool-focused",Light,Sans,Drawing canvas / artwork,Medium,High,Low,Uses actual creative output to explain the product,9.1,B,drawing|creative|illustration|product-ui|colorful,Active,2026-08-07,https://concepts.app,
218,Ableton,https://www.ableton.com,Website,Music software / hardware,Creative Tools,"Utilitarian creative, bold color, modular",Light,Bold sans,Music product / editorial modules,Medium,Medium,Low,Strong grid and color system rooted in music-production culture,9.5,A,music|creative|grid|bold|product,Active,2026-08-07,https://www.ableton.com,
219,Native Instruments,https://www.native-instruments.com,Website,Music software / hardware,Creative Tools,"Dark music-tech, product-rich",Dark,Sans,Hardware / software product imagery,Medium,Medium,Low,Dense product ecosystem presented with strong audio-tech visuals,9.1,B,music|audio|dark|product|technology,Active,2026-08-07,https://www.native-instruments.com,
220,Vitsœ,https://www.vitsoe.com,Website,Furniture / systems,Furniture / Industrial Design,"Modernist, editorial, radically restrained",Light,Sans,Product / philosophy storytelling,Low,Low,Low,One of the clearest examples of design philosophy shaping a site,9.6,A,furniture|modernist|minimal|editorial|systems,Active,2026-08-07,https://www.vitsoe.com,
221,Hem,https://hem.com,Website,Furniture / design,Furniture / Interior,"Colorful modernism, image-led",Light,Sans,Furniture / interior photography,Medium,Low,Low,Bold color and art direction make furniture commerce feel editorial,9.3,A,furniture|colorful|modernist|editorial|commerce,Active,2026-08-07,https://hem.com,
222,Audo Copenhagen,https://audocph.com,Website,Furniture / lifestyle,Furniture / Interior,"Quiet luxury interiors, editorial",Light,Refined serif + sans,Interior / product imagery,Low,Low,Low,Warm luxury interior art direction with generous spacing,9.3,A,furniture|interior|luxury|editorial|minimal,Active,2026-08-07,https://audocph.com,
223,Ferm Living,https://fermliving.com,Website,Furniture / lifestyle,Furniture / Interior,"Soft Scandinavian, lifestyle editorial",Light,Sans,Interior / product photography,Low,Low,Low,Strong use of warm palettes and domestic photography,9.1,B,furniture|scandinavian|interior|lifestyle|commerce,Active,2026-08-07,https://fermliving.com,
224,Herzog & de Meuron,https://www.herzogdemeuron.com,Website,Architecture studio,Architecture,"Rigorous editorial archive, minimalist",Light,Sans,Project archive,Low,Low,Low,Dense architectural archive presented with disciplined restraint,9.4,A,architecture|archive|editorial|minimal|studio,Active,2026-08-07,https://www.herzogdemeuron.com,
225,MVRDV,https://www.mvrdv.com,Website,Architecture studio,Architecture,"Colorful architecture, project-rich",Light,Sans,Project grid / imagery,Medium,Low,Low,Color and project imagery make a huge architecture archive approachable,9.2,A,architecture|colorful|grid|portfolio|studio,Active,2026-08-07,https://www.mvrdv.com,
226,Zaha Hadid Architects,https://www.zaha-hadid.com,Website,Architecture studio,Architecture,"Futuristic, sculptural, image-led",Dark,Modern sans,Architecture / project imagery,Medium,Low,Medium,Website reflects the studio's fluid futuristic formal language,9.4,A,architecture|futuristic|sculptural|portfolio|image-led,Active,2026-08-07,https://www.zaha-hadid.com,
227,Guggenheim,https://www.guggenheim.org,Website,Museum,Arts & Culture,"Modern museum editorial, clean",Light,Sans,Exhibition / collection,Low,Low,Low,Strong contemporary cultural hierarchy around an iconic institution,9.1,B,museum|art|editorial|culture|minimal,Active,2026-08-07,https://www.guggenheim.org,
228,The Broad,https://www.thebroad.org,Website,Museum,Arts & Culture,"Contemporary art, bold, program-led",Light,Sans,Exhibition / artwork imagery,Medium,Low,Low,Art-forward interface with a strong contemporary visual tone,9.2,A,museum|contemporary-art|bold|culture|editorial,Active,2026-08-07,https://www.thebroad.org,
229,Dia Art Foundation,https://www.diaart.org,Website,Art foundation,Arts & Culture,"Minimal art institution, typographic",Light,Sans,Exhibition / program,Low,Low,Low,Restrained design aligns with minimal/conceptual-art identity,9.3,A,art|minimal|institution|typography|editorial,Active,2026-08-07,https://www.diaart.org,
230,Boiler Room,https://boilerroom.tv,Website,Music / events,Media & Entertainment,"Raw club culture, video-first, bold",Dark,Bold sans,Live / recorded performance,Medium,Medium,Low,Strong nightlife identity built around video and event discovery,9.4,A,music|video|culture|events|dark,Active,2026-08-07,https://boilerroom.tv,
231,Resident Advisor,https://ra.co,Webapp,Music events / editorial,Media & Entertainment,"Utility editorial, dense, club-culture",Dark,Sans,Events / editorial feed,Low,High,Low,Excellent information architecture for global music events,9.2,A,music|events|editorial|utility|webapp,Active,2026-08-07,https://ra.co,
232,Bandcamp,https://bandcamp.com,Webapp,Music marketplace,Media & Entertainment,"Utilitarian indie, artist-first",Light,Sans,Music / artist discovery,Low,High,Low,Artist-first information design with recognizable independent identity,9.0,B,music|marketplace|independent|utility|webapp,Active,2026-08-07,https://bandcamp.com,
233,SoundCloud,https://soundcloud.com,Webapp,Music streaming,Media & Entertainment,"Bold audio platform, creator-led",Light,Sans,Audio feed / waveform UI,Medium,High,Low,Waveform-centered interface remains a distinctive product signature,9.0,B,music|audio|creator|product-ui|webapp,Active,2026-08-07,https://soundcloud.com,
234,Tate,https://www.tate.org.uk,Website,Museum,Arts & Culture,"Bold museum editorial, accessible",Light,Bold sans,Exhibition / collection modules,Medium,Low,Low,Strong identity for a massive and diverse cultural archive,9.3,A,museum|art|editorial|bold|culture,Active,2026-08-07,https://www.tate.org.uk,
235,Design Museum,https://www.designmuseum.org,Website,Design museum,Arts & Culture,"Design-led institutional, editorial",Light,Sans,Exhibition / event modules,Low,Low,Low,Clear design-focused cultural information architecture,9.1,B,museum|design|editorial|culture|institution,Active,2026-08-07,https://www.designmuseum.org,
236,Louisiana Museum,https://www.louisiana.dk,Website,Museum,Arts & Culture,"Scandinavian cultural, editorial, image-led",Light,Serif + sans,Exhibition / art imagery,Low,Low,Low,Calm cultural design with excellent photography and typography,9.3,A,museum|scandinavian|art|editorial|image-led,Active,2026-08-07,https://www.louisiana.dk,
237,Atmos,https://www.atmos.earth,Blog,Climate / culture,Editorial,"Art-directed environmental editorial, immersive",Mixed,Serif + sans,Feature photography / long-form,Medium,Low,Low,Climate journalism presented with exceptional visual storytelling,9.6,A,editorial|climate|longform|art-direction|photography,Active,2026-08-07,https://www.atmos.earth,
238,Delayed Gratification,https://www.slow-journalism.com,Blog,Slow journalism,Editorial,"Print-inspired, infographic-rich, colorful",Light,Serif + sans,Magazine / infographic content,Low,Low,Low,Distinctive editorial system rooted in slow journalism and infographics,9.2,A,editorial|journalism|infographic|print-inspired|colorful,Active,2026-08-07,https://www.slow-journalism.com,
239,Domus,https://www.domusweb.it,Blog,Architecture / design,Editorial,"Italian design magazine, image-heavy",Light,Sans + serif,Architecture / design stories,Low,Low,Low,Strong architecture and design magazine identity,9.1,B,editorial|architecture|design|magazine|image-led,Active,2026-08-07,https://www.domusweb.it,
240,Artforum,https://www.artforum.com,Blog,Contemporary art,Editorial,"Art criticism, typographic, high-density",Light,Serif + sans,Editorial story grid,Low,Low,Low,Classic art-publication structure with recognizable typographic tone,9.1,B,editorial|art|criticism|typography|magazine,Active,2026-08-07,https://www.artforum.com,
241,NYT Magazine,https://www.nytimes.com/magazine,Blog,Long-form journalism,Editorial,"Premium long-form editorial, photography-led",Light,Serif + sans,Feature story / photography,Medium,Low,Low,"Benchmark long-form storytelling, typography and photography",9.6,A,editorial|longform|journalism|photography|magazine,Active,2026-08-07,https://www.nytimes.com/magazine,
242,Bloomberg Businessweek,https://www.bloomberg.com/businessweek,Blog,Business / culture,Editorial,"Bold magazine, data-rich, expressive",Light,Bold sans,Cover / editorial stories,Medium,Low,Low,Strong business editorial design with unusual graphic energy,9.3,A,editorial|business|bold|data|magazine,Active,2026-08-07,https://www.bloomberg.com/businessweek,
243,Obys,https://www.obys.agency,Website,Creative agency,Creative Services,"Experimental typography, motion-heavy, brutalist",Mixed,Expressive display type,Interactive portfolio,High,Low,Medium,Typography and motion function as the primary visual material,9.7,A,agency|typography|motion|experimental|brutalist,Active,2026-08-07,https://www.obys.agency,
244,Aristide Benoist,https://aristidebenoist.com,Website,Creative developer portfolio,Creative Services,"Minimal interactive, precise, motion-led",Light,Sans,Project portfolio,High,Low,Medium,Extremely refined micro-interactions and transitions,9.6,A,portfolio|developer|motion|minimal|interactive,Active,2026-08-07,https://aristidebenoist.com,
245,Studio Yukiko,https://www.studioyukiko.com,Website,Design studio,Creative Services,"Editorial, playful, typographic",Mixed,Expressive typography,Case studies / editorial work,Medium,Low,Low,Strong crossover between magazine design and brand systems,9.4,A,studio|editorial|typography|playful|branding,Active,2026-08-07,https://www.studioyukiko.com,
246,Dyson,https://www.dyson.com,Website,Consumer technology,Technology,"Technical product storytelling, cinematic",Mixed,Modern sans,Product engineering / 3D detail,High,Medium,Medium,Engineering details turned into visual product narratives,9.3,A,technology|product|engineering|3d|cinematic,Active,2026-08-07,https://www.dyson.com,
247,Rimowa,https://www.rimowa.com,Website,Luxury travel products,Luxury / Industrial Design,"Industrial luxury, editorial, product-led",Light,Refined sans,Product / travel imagery,Medium,Low,Low,Strong aluminum-material identity and premium product framing,9.4,A,luxury|travel|industrial|product|editorial,Active,2026-08-07,https://www.rimowa.com,
248,Gucci,https://www.gucci.com,Website,Fashion commerce,Luxury / Fashion,"Maximal fashion, campaign-led, art-directed",Mixed,Expressive serif + sans,Campaign / editorial imagery,High,Low,Medium,High-fashion campaigns create frequent shifts in visual language,9.4,A,fashion|luxury|maximal|campaign|art-direction,Active,2026-08-07,https://www.gucci.com,
249,Flos,https://www.flos.com,Website,Lighting / furniture,Furniture / Industrial Design,"Design-led, editorial, sculptural",Light,Modern sans,Lighting / interior imagery,Medium,Low,Low,Sculptural lighting presented like art objects,9.3,A,lighting|design|sculptural|editorial|product,Active,2026-08-07,https://www.flos.com,
250,Heatherwick Studio,https://www.heatherwick.com,Website,Architecture / design studio,Architecture / Design,"Image-led, sculptural, editorial",Light,Sans,Project photography,Medium,Low,Low,"Project storytelling emphasizes materiality, form and human scale",9.4,A,architecture|design|sculptural|portfolio|image-led,Active,2026-08-07,https://www.heatherwick.com,
251,No Art,https://www.noartmusic.com,Website,Music / culture experience,Media & Entertainment,"Immersive, art-led, anti-template",Dark,Expressive sans,Interactive music/art experience,High,Medium,High,Feels like a digital venue rather than a conventional music website,9.9,A,music|immersive|experimental|webgl|art-direction,Active,2026-08-07,https://www.noartmusic.com,"Awwwards SOTD, Aug 2026"
252,Alethia,https://www.alethia.earth,Website,Climate / impact,Climate / Technology,"Atmospheric, editorial, immersive",Mixed,Editorial sans,Narrative visual experience,High,Low,Medium,Combines environmental storytelling with elegant digital atmosphere,9.8,A,climate|immersive|editorial|storytelling|motion,Active,2026-08-07,https://www.alethia.earth,"Awwwards SOTD, Aug 2026"
253,Serotoninn,https://serotoninn.com,Website,Hospitality / wellness,Hospitality,"Surreal, sensory, cinematic",Mixed,Expressive display sans,Full-screen visual narrative,High,Low,High,Strong sensory art direction and dreamlike spatial composition,9.8,A,surreal|cinematic|immersive|motion|hospitality,Active,2026-08-07,https://serotoninn.com,"Awwwards SOTD, Aug 2026"
254,Lacoste Ace Breaker,https://members-play.lacoste.com/ace-breaker/gb/en/,Website,Interactive campaign,Fashion / Sports,"Game-like, playful, 3D campaign",Mixed,Sporty display sans,Interactive game / product experience,High,High,High,Turns a product campaign into a playful digital experience,9.8,A,fashion|sports|game|3d|interactive|campaign,Active,2026-08-07,https://members-play.lacoste.com/ace-breaker/gb/en/,"Awwwards SOTD, Aug 2026"
255,Noomo Showcase,https://showcase.noomoagency.com,Website,Creative showcase,Creative Services,"Cinematic, motion-heavy, experimental",Dark,Large sans,Showreel / interactive portfolio,High,Low,High,Portfolio behaves like a sequence of high-production visual scenes,9.9,A,studio|cinematic|motion|3d|showcase,Active,2026-08-07,https://showcase.noomoagency.com,"Awwwards SOTD, Aug 2026"
256,2xA Studio,https://2xa.studio,Website,Creative studio,Creative Services,"Minimal, kinetic, typographic",Mixed,Large display type,Interactive portfolio,High,Low,Medium,Very precise motion and typography create a premium studio identity,9.7,A,studio|typography|motion|minimal|interactive,Active,2026-08-07,https://2xa.studio,"Awwwards SOTD, Jul 2026"
257,Made With GSAP,https://madewithgsap.com,Website,Motion showcase,Creative Technology,"Motion-first, experimental, showcase-led",Mixed,Expressive sans,Animated showcase grid,High,Low,Medium,A concentrated reference library for high-end browser motion,9.9,A,gsap|motion|interactive|experimental|showcase,Active,2026-08-07,https://madewithgsap.com,"Awwwards SOTD, Jul 2026"
258,Obys Experiment Space,https://experiment.obys.agency,Website,Experimental lab,Creative Services,"Experimental, typographic, interactive",Mixed,Experimental display type,Interactive experiments,High,Low,High,Treats the browser as a visual playground rather than a document,10.0,A,experimental|typography|webgl|interaction|motion,Active,2026-08-07,https://experiment.obys.agency,"Awwwards SOTD, Jul 2026"
259,TRIONN,https://trionn.com,Website,Digital studio,Creative Services,"Futuristic, AI-inflected, motion-rich",Dark,Modern grotesk,Interactive studio presentation,High,Low,High,Dense visual effects remain controlled and premium,9.8,A,studio|futuristic|ai|motion|webgl,Active,2026-08-07,https://trionn.com,"Awwwards SOTD, Jul 2026"
260,The Triadic Ballet AI,https://www.thetriadicballetai.com,Website,AI art experience,Art / Technology,"Bauhaus-inspired, AI, theatrical",Dark,Geometric display type,Interactive AI art experience,High,Low,High,Reinterprets historic stage design as a contemporary digital artwork,9.9,A,bauhaus|ai|art|3d|experimental|interactive,Active,2026-08-07,https://www.thetriadicballetai.com,
261,Razed Mods,https://www.razedmods.com,Website,Gaming / modding portfolio,Gaming,"Dark, cinematic, game-like",Dark,Technical sans,Full-screen game imagery,High,Low,High,Strong real-time/gaming atmosphere and dramatic spatial transitions,9.7,A,gaming|cinematic|dark|3d|interactive,Active,2026-08-07,https://www.razedmods.com,
262,homunculus Inc.,https://homunculus.jp,Website,Creative studio,Creative Services,"Japanese experimental, playful, interactive",Mixed,Expressive Japanese/Latin type,Interactive studio experience,High,Low,Medium,Playful interaction language without sacrificing visual discipline,9.7,A,japanese|studio|interactive|playful|experimental,Active,2026-08-07,https://homunculus.jp,
263,Dobre Agency,https://dobre.agency,Website,Creative agency,Creative Services,"Bold, kinetic, contemporary",Mixed,Large display type,Animated portfolio,High,Low,Medium,Very strong type scale and kinetic composition,9.7,A,agency|typography|motion|bold|portfolio,Active,2026-08-07,https://dobre.agency,
264,SHIFTBRAIN,https://shiftbrain.com,Website,Digital creative studio,Creative Services,"Japanese digital, polished, interactive",Mixed,Sans,Interactive case-study system,High,Low,Medium,Refined Japanese digital craft and exceptionally clean interaction design,9.8,A,japanese|studio|interactive|motion|case-study,Active,2026-08-07,https://shiftbrain.com,
265,Garden Eight,https://garden-eight.com,Website,Digital studio,Creative Services,"Elegant interactive, typographic, crafted",Mixed,Refined sans,Portfolio / interactive transitions,High,Low,Medium,Subtle interaction details make the site feel highly crafted,9.7,A,studio|interactive|typography|motion|minimal,Active,2026-08-07,https://garden-eight.com,
266,baqemono.inc,https://baqemono.jp,Website,Creative studio,Creative Services,"Experimental Japanese, 3D, kinetic",Dark,Expressive sans,Interactive visual world,High,Low,High,"Strong mix of surreal imagery, motion and technical experimentation",9.8,A,japanese|studio|3d|experimental|motion,Active,2026-08-07,https://baqemono.jp,
267,Exo Ape,https://www.exoape.com,Website,Digital studio,Creative Services,"Cinematic, luxury digital, motion-rich",Dark,Modern sans,Case-study reel / transitions,High,Low,High,Extremely polished transitions and premium digital-product storytelling,9.8,A,studio|cinematic|luxury|motion|webgl,Active,2026-08-07,https://www.exoape.com,
268,Unseen Studio,https://unseen.co,Website,Digital studio,Creative Services,"Immersive, art-directed, experimental",Dark,Large sans,Interactive portfolio,High,Low,High,Visual storytelling feels closer to title design than a standard portfolio,9.9,A,studio|immersive|art-direction|webgl|motion,Active,2026-08-07,https://unseen.co,
269,Bürocratik,https://www.burocratik.com,Website,Digital studio,Creative Services,"Sophisticated, minimal, interaction-led",Mixed,Refined sans,Case-study / motion portfolio,High,Low,Medium,Exceptional balance between restraint and advanced interaction,9.8,A,studio|minimal|motion|interactive|premium,Active,2026-08-07,https://www.burocratik.com,
270,AQuest,https://www.aquest.it,Website,Creative technology studio,Creative Services,"Immersive, 3D, technology-led",Dark,Sans,Interactive project showcase,High,Low,High,Technically ambitious 3D storytelling presented with strong art direction,9.8,A,studio|3d|webgl|immersive|technology,Active,2026-08-07,https://www.aquest.it,
271,Utsubo,https://www.utsubo.com,Website,Digital studio,Creative Services,"Elegant, experimental, motion-led",Mixed,Expressive sans,Interactive portfolio,High,Low,Medium,High-end motion and unusual transitions with restrained visual noise,9.7,A,studio|motion|interactive|experimental|portfolio,Active,2026-08-07,https://www.utsubo.com,
272,Merci-Michel,https://www.merci-michel.com,Website,Digital production studio,Creative Services,"Playful luxury, interactive, campaign-led",Mixed,Expressive sans,Interactive campaign reel,High,Low,High,Strong blend of playful interaction and luxury brand production,9.8,A,studio|interactive|campaign|luxury|3d,Active,2026-08-07,https://www.merci-michel.com,
273,Mucho,https://wearemucho.com,Website,Brand studio,Creative Services,"Editorial branding, sophisticated, systems-led",Light,Expressive serif + sans,Case-study editorial grid,Medium,Low,Low,Excellent identity systems presented with magazine-level clarity,9.6,A,branding|studio|editorial|systems|typography,Active,2026-08-07,https://wearemucho.com,
274,Moving Brands,https://movingbrands.com,Website,Brand / experience studio,Creative Services,"Dynamic identity, motion-led, premium",Mixed,Modern sans,Showreel / identity systems,High,Low,Medium,Excellent motion-branding and flexible identity presentation,9.7,A,branding|motion|systems|studio|identity,Active,2026-08-07,https://movingbrands.com,
275,Accept & Proceed,https://www.acceptandproceed.com,Website,Brand studio,Creative Services,"Conceptual, editorial, bold",Mixed,Large editorial type,Case studies / journal,Medium,Low,Low,Strong conceptual art direction with unusually thoughtful typography,9.6,A,branding|editorial|conceptual|typography|studio,Active,2026-08-07,https://www.acceptandproceed.com,
276,Studio Airport,https://www.studioairport.nl,Website,Interdisciplinary studio,Creative Services,"Editorial, cultural, image-led",Light,Editorial serif + sans,Project stories / visual archive,Medium,Low,Low,Cultural projects feel curated rather than simply listed,9.5,A,studio|editorial|culture|art-direction|portfolio,Active,2026-08-07,https://www.studioairport.nl,
277,Kurppa Hosk,https://kurppahosk.com,Website,Brand studio,Creative Services,"Scandinavian systems, premium, editorial",Light,Modern sans,Identity case studies,Medium,Low,Low,Outstanding presentation of brand systems and visual identity logic,9.6,A,branding|scandinavian|systems|editorial|studio,Active,2026-08-07,https://kurppahosk.com,
278,Studio Freight,https://studiofreight.com,Website,Creative studio,Creative Services,"Editorial, bold, art-directed",Mixed,Large display sans,Case-study montage,High,Low,Medium,"Very strong use of typography, imagery and unexpected transitions",9.8,A,studio|editorial|typography|motion|art-direction,Active,2026-08-07,https://studiofreight.com,
279,Fantasy,https://fantasy.co,Website,Product / experience studio,Creative Services,"Future-facing, cinematic, product-led",Dark,Modern sans,Digital product showcase,High,Medium,Medium,Concept work and product interfaces are staged like cinematic objects,9.6,A,studio|product-design|cinematic|future|motion,Active,2026-08-07,https://fantasy.co,
280,B-Reel,https://www.b-reel.com,Website,Creative technology studio,Creative Services,"Culture-led, interactive, cinematic",Mixed,Sans,Project / film montage,High,Low,Medium,Broad creative output held together by strong digital art direction,9.6,A,studio|culture|interactive|cinematic|campaign,Active,2026-08-07,https://www.b-reel.com,
281,North Kingdom,https://www.northkingdom.com,Website,Experience studio,Creative Services,"Story-driven, interactive, premium",Dark,Sans,Immersive case-study experience,High,Low,High,Long-form digital experiences with strong game/story sensibility,9.7,A,studio|interactive|storytelling|3d|immersive,Active,2026-08-07,https://www.northkingdom.com,
282,DesignStudio,https://design.studio,Website,Brand studio,Creative Services,"Bold identity, editorial, contemporary",Mixed,Expressive type,Identity case studies,Medium,Low,Low,Brand identities shown as complete living visual worlds,9.6,A,branding|studio|identity|editorial|typography,Active,2026-08-07,https://design.studio,
283,Synchronized Studio,https://synchronized.studio,Website,Digital studio,Creative Services,"Minimal, kinetic, refined",Dark,Modern sans,Interactive portfolio,High,Low,Medium,Micro-interactions and precise transitions create a highly premium feel,9.7,A,studio|minimal|motion|interactive|premium,Active,2026-08-07,https://synchronized.studio,
284,Aino Agency,https://aino.agency,Website,Creative agency,Creative Services,"Bold, contemporary, kinetic",Mixed,Display sans,Animated project grid,High,Low,Medium,Confident typography and strong motion hierarchy,9.5,A,agency|bold|motion|typography|portfolio,Active,2026-08-07,https://aino.agency,
285,Spring/Summer,https://springsummer.dk,Website,Digital agency,Creative Services,"Scandinavian, art-directed, interactive",Mixed,Modern sans,Project grid / interactions,High,Low,Medium,Clean Scandinavian craft with surprisingly expressive interaction,9.6,A,agency|scandinavian|interactive|motion|art-direction,Active,2026-08-07,https://springsummer.dk,
286,Wonderland,https://wonderland.studio,Website,Digital studio,Creative Services,"Immersive, playful, experimental",Dark,Expressive sans,Interactive visual portfolio,High,Low,High,Uses movement and spatial composition to create a distinctive studio world,9.6,A,studio|immersive|experimental|3d|motion,Active,2026-08-07,https://wonderland.studio,
287,Your Majesty,https://yourmajesty.co,Website,Creative agency,Creative Services,"Bold digital, fashion-aware, cinematic",Mixed,Large sans,Campaign / product work,High,Low,Medium,Strong campaign art direction and contemporary digital styling,9.5,A,agency|fashion|cinematic|campaign|motion,Active,2026-08-07,https://yourmajesty.co,
288,Monks,https://www.monks.com,Website,Digital creative company,Creative Services,"Large-scale creative, interactive, bold",Mixed,Sans,Showcase / case studies,High,Low,Medium,Complex agency offering presented with strong visual energy,9.4,A,agency|interactive|campaign|digital|motion,Active,2026-08-07,https://www.monks.com,
289,Media.Work,https://media.work,Website,Design studio,Creative Services,"Experimental editorial, graphic, typographic",Mixed,Expressive typography,Project / visual archive,Medium,Low,Medium,Graphic-design sensibility drives the entire browsing experience,9.6,A,studio|editorial|typography|experimental|graphic-design,Active,2026-08-07,https://media.work,
290,Anton & Irene,https://antonandirene.com,Website,Design studio,Creative Services,"Concept-driven, interactive, editorial",Mixed,Expressive sans,Project stories,High,Low,Medium,Each case study gets a bespoke visual language rather than a fixed template,9.7,A,studio|conceptual|interactive|editorial|case-study,Active,2026-08-07,https://antonandirene.com,
291,Pangram Pangram,https://pangrampangram.com,Website,Type foundry,Typography,"Experimental type playground, bold, editorial",Light,Display typography,Interactive type specimens,High,Medium,Low,Typeface specimens behave like graphic compositions rather than product cards,9.8,A,typography|type-foundry|experimental|editorial|interactive,Active,2026-08-07,https://pangrampangram.com,
292,PP Fragment,https://pp-fragment.com,Website,Typeface microsite,Typography,"Highly expressive, typographic, experimental",Mixed,PP Fragment,Interactive specimen,High,Low,Medium,One typeface turned into a complete visual universe,9.9,A,typography|microsite|experimental|motion|specimen,Active,2026-08-07,https://pp-fragment.com,
293,Editorial New,https://www.editorialnew.com,Website,Typeface microsite,Typography,"Editorial, oversized type, art-directed",Light,Editorial New,Interactive specimen / editorial layouts,Medium,Low,Low,Outstanding demonstration of type through real editorial composition,9.8,A,typography|editorial|typeface|specimen|art-direction,Active,2026-08-07,https://www.editorialnew.com,
294,Grilli Type,https://www.grillitype.com,Website,Type foundry,Typography,"Swiss-derived, playful, specimen-rich",Light,Multiple display families,Interactive type catalog,High,Medium,Low,Excellent interactive type specimens with strong Swiss design lineage,9.8,A,typography|swiss|type-foundry|interactive|specimen,Active,2026-08-07,https://www.grillitype.com,
295,Dinamo,https://abcdinamo.com,Website,Type foundry,Typography,"Conceptual, utilitarian, experimental",Light,Multiple custom typefaces,Interactive catalog,Medium,Medium,Low,Type foundry website with a distinctive conceptual and anti-generic voice,9.8,A,typography|type-foundry|conceptual|experimental|catalog,Active,2026-08-07,https://abcdinamo.com,
296,Klim Type Foundry,https://klim.co.nz,Website,Type foundry,Typography,"Editorial, precise, specimen-led",Light,Multiple type families,Type specimen / catalog,Medium,Low,Low,Beautiful long-form specimens and disciplined typography hierarchy,9.6,A,typography|type-foundry|editorial|specimen|minimal,Active,2026-08-07,https://klim.co.nz,
297,Commercial Type,https://commercialtype.com,Website,Type foundry,Typography,"Editorial, archival, sophisticated",Light,Multiple type families,Catalog / specimen,Low,Low,Low,Strong editorial typography and dense catalog organization,9.6,A,typography|type-foundry|editorial|archive|catalog,Active,2026-08-07,https://commercialtype.com,
298,Colophon Foundry,https://www.colophon-foundry.org,Website,Type foundry,Typography,"Conceptual typography, clean, specimen-led",Light,Multiple type families,Type specimen,Medium,Low,Low,Type specimens combine conceptual art direction with practical information,9.6,A,typography|type-foundry|conceptual|specimen|minimal,Active,2026-08-07,https://www.colophon-foundry.org,
299,Production Type,https://www.productiontype.com,Website,Type foundry,Typography,"Editorial, sophisticated, high-density",Light,Multiple type families,Catalog / specimen,Medium,Low,Low,Excellent typography-focused information architecture,9.6,A,typography|type-foundry|editorial|catalog|specimen,Active,2026-08-07,https://www.productiontype.com,
300,Displaay,https://displaay.net,Website,Type foundry,Typography,"Playful specimen, contemporary, bold",Mixed,Display type families,Animated type specimens,Medium,Low,Low,Strong color and typographic scale make browsing fonts highly visual,9.6,A,typography|type-foundry|playful|specimen|bold,Active,2026-08-07,https://displaay.net,
301,Sharp Type,https://sharptype.co,Website,Type foundry,Typography,"Luxury editorial, specimen-rich",Light,Display + text families,Editorial type specimens,Medium,Low,Low,Premium fashion/editorial sensibility applied to type presentation,9.6,A,typography|type-foundry|luxury|editorial|specimen,Active,2026-08-07,https://sharptype.co,
302,Future Fonts,https://www.futurefonts.xyz,Website,Experimental type marketplace,Typography,"Experimental, raw, evolving, playful",Light,Many work-in-progress typefaces,Experimental catalog,Low,Low,Low,Unfinished type becomes the visual and conceptual premise,9.5,A,typography|experimental|marketplace|raw|type-foundry,Active,2026-08-07,https://www.futurefonts.xyz,
303,Velvetyne,https://velvetyne.fr,Website,Open-source type foundry,Typography,"Experimental, anti-commercial, graphic",Light,Experimental type families,Type catalog,Low,Low,Low,Distinctive open-source typography culture with strong graphic character,9.5,A,typography|open-source|experimental|graphic|type-foundry,Active,2026-08-07,https://velvetyne.fr,
304,NaN,https://www.nan.xyz,Website,Type foundry,Typography,"Digital-native, strange, typographic",Mixed,Experimental type families,Interactive specimens,Medium,Low,Medium,Digital-native type presentation with unusual visual behavior,9.7,A,typography|type-foundry|digital-native|experimental|interactive,Active,2026-08-07,https://www.nan.xyz,
305,Blaze Type,https://www.blazetype.eu,Website,Type foundry,Typography,"Bold, contemporary, specimen-led",Light,Display type,Type specimen catalog,Medium,Low,Low,Strong expressive type specimens with contemporary art direction,9.5,A,typography|type-foundry|bold|specimen|contemporary,Active,2026-08-07,https://www.blazetype.eu,
306,Type Network,https://typenetwork.com,Website,Type platform,Typography,"Editorial catalog, professional, specimen-rich",Light,Multiple foundries,Catalog / specimen,Low,Medium,Low,Large type catalog stays visually rich and usable,9.4,A,typography|catalog|type-foundry|editorial|specimen,Active,2026-08-07,https://typenetwork.com,
307,Swiss Typefaces,https://www.swisstypefaces.com,Website,Type foundry,Typography,"Swiss minimal, high-impact type",Light,Swiss display / text families,Type specimens,Medium,Low,Low,Extremely disciplined Swiss typography with bold scale,9.6,A,typography|swiss|minimal|type-foundry|specimen,Active,2026-08-07,https://www.swisstypefaces.com,
308,Dalton Maag,https://www.daltonmaag.com,Website,Type studio,Typography,"Refined, technical, brand-type focused",Light,Multiple type families,Custom type case studies,Medium,Low,Low,Useful reference for presenting custom typography as a brand system,9.4,A,typography|branding|type-studio|systems|case-study,Active,2026-08-07,https://www.daltonmaag.com,
309,Lineto,https://lineto.com,Website,Type foundry,Typography,"Swiss digital, utilitarian, iconic",Light,Multiple digital typefaces,Typeface catalog,Low,Low,Low,Internet-native Swiss type culture with highly recognizable restraint,9.6,A,typography|swiss|digital|type-foundry|minimal,Active,2026-08-07,https://lineto.com,
310,Fontshare,https://www.fontshare.com,Website,Type library,Typography,"Clean, interactive, specimen-heavy",Light,Multiple type families,Interactive font tester,Medium,High,Low,Highly usable type discovery interface with generous live specimens,9.4,A,typography|font-library|interactive|specimen|clean,Active,2026-08-07,https://www.fontshare.com,
311,Shopify Editions,https://www.shopify.com/editions,Website,Product release experience,Technology / Commerce,"Immersive product release, editorial, 3D",Mixed,Bold sans,Release-story / interactive modules,High,Medium,Medium,Turns a product changelog into a high-production visual publication,9.7,A,commerce|product-storytelling|editorial|motion|3d,Active,2026-08-07,https://www.shopify.com/editions,
312,Google Design,https://design.google,Blog,Design publication,Design / Technology,"Editorial design culture, image-rich",Light,Sans,Feature stories / projects,Medium,Low,Low,Strong design editorial framing from a major technology ecosystem,9.5,A,editorial|design|technology|culture|image-led,Active,2026-08-07,https://design.google,
313,Microsoft Design,https://microsoft.design,Blog,Design publication,Design / Technology,"Editorial, experimental, human-centered",Mixed,Sans,Feature / case-study imagery,Medium,Low,Low,Design storytelling is much more expressive than typical corporate content,9.5,A,editorial|design|technology|experimental|culture,Active,2026-08-07,https://microsoft.design,
314,Spotify Design,https://spotify.design,Blog,Design publication,Design / Technology,"Bold editorial, music-culture influenced",Mixed,Bold sans,Editorial feature grid,Medium,Low,Low,"Strong color, typography and editorial rhythm tied to music culture",9.6,A,editorial|music|design|bold|culture,Active,2026-08-07,https://spotify.design,
315,Dropbox Design,https://dropbox.design,Blog,Design publication,Design / Technology,"Creative editorial, art-directed",Mixed,Expressive typography,Editorial feature / illustration,Medium,Low,Low,A corporate design publication with unusually strong art direction,9.6,A,editorial|design|art-direction|illustration|typography,Active,2026-08-07,https://dropbox.design,
316,Airbnb Design,https://airbnb.design,Blog,Design publication,Design / Technology,"Warm editorial, human-centered, visual",Light,Sans,Editorial feature imagery,Medium,Low,Low,Strong human-centered design storytelling with excellent visual pacing,9.4,A,editorial|design|human-centered|technology|culture,Active,2026-08-07,https://airbnb.design,
317,Uber Design,https://www.uber.design,Blog,Design publication,Design / Technology,"Systematic, editorial, global",Light,Sans,Design-system / case-study stories,Medium,Low,Low,Strong example of presenting a complex global design system visually,9.4,A,editorial|design-system|technology|case-study|systems,Active,2026-08-07,https://www.uber.design,
318,IBM Design,https://www.ibm.com/design,Website,Design system / culture,Design / Technology,"Systematic, modernist, grid-led",Light,IBM Plex,Design principles / case studies,Medium,Medium,Low,Modernist design-system thinking translated into a coherent web language,9.4,A,design-system|modernist|grid|typography|technology,Active,2026-08-07,https://www.ibm.com/design,
319,Material Design 3,https://m3.material.io,Webapp,Design system,Design / Technology,"Component-led, interactive, colorful",Light,Google Sans,Interactive component documentation,Medium,High,Low,One of the strongest references for interactive design-system documentation,9.4,A,design-system|components|interactive|documentation|ui,Active,2026-08-07,https://m3.material.io,
320,Google Arts & Culture Experiments,https://artsandculture.google.com/experiment,Webapp,Interactive experiments archive,Arts & Culture,"Experimental, generative, interactive",Mixed,Varied,Interactive experiment gallery,High,High,High,"A deep archive of browser experiments spanning art, AI, maps and interaction",9.8,A,art|experiments|interactive|ai|webgl|culture,Active,2026-08-07,https://artsandculture.google.com/experiment,
321,Apple Vision Pro,https://www.apple.com/apple-vision-pro/,Website,Product microsite,Technology,"Spatial, cinematic, ultra-premium",Mixed,SF Pro,Immersive product film / spatial UI,High,Medium,High,Spatial computing is explained through exceptional compositing and motion,10.0,A,product|spatial|cinematic|technology|motion|3d,Active,2026-08-07,https://www.apple.com/apple-vision-pro/,
322,Apple AirPods Pro,https://www.apple.com/airpods-pro/,Website,Product microsite,Technology,"Cinematic product, macro, motion-led",Dark,SF Pro,3D product / feature story,High,Medium,High,Macro rendering and scroll choreography make tiny hardware feel monumental,9.9,A,product|audio|cinematic|3d|motion|technology,Active,2026-08-07,https://www.apple.com/airpods-pro/,
323,Apple MacBook Pro,https://www.apple.com/macbook-pro/,Website,Product microsite,Technology,Cinematic technical product storytelling,Dark,SF Pro,Product film / performance narrative,High,Medium,High,Complex performance claims are turned into visual product theatre,9.8,A,product|hardware|cinematic|motion|technology|3d,Active,2026-08-07,https://www.apple.com/macbook-pro/,
324,PlayStation 5,https://www.playstation.com/en-us/ps5/,Website,Product microsite,Gaming / Technology,"Game-cinematic, high contrast, product-led",Dark,Modern sans,Console / game imagery,High,Medium,Medium,Hardware and game worlds are combined into a dramatic visual narrative,9.7,A,gaming|product|cinematic|dark|motion,Active,2026-08-07,https://www.playstation.com/en-us/ps5/,
325,DJI Inspire 3,https://www.dji.com/inspire-3,Website,Product microsite,Technology / Imaging,"Technical cinematic, product-detail rich",Dark,Modern sans,Drone film / 3D product detail,High,Medium,Medium,Technical hardware storytelling feels like a premium film-production reel,9.7,A,drone|product|cinematic|technical|3d|motion,Active,2026-08-07,https://www.dji.com/inspire-3,
326,Leica Q3,https://leica-camera.com/en-int/photography/cameras/q/q3,Website,Product microsite,Photography / Technology,"Premium photographic, restrained, editorial",Dark,Modern sans,Camera / photography narrative,Medium,Low,Low,Product detail and photography are given museum-like visual space,9.6,A,camera|photography|premium|editorial|product,Active,2026-08-07,https://leica-camera.com/en-int/photography/cameras/q/q3,
327,OP-1 field,https://teenage.engineering/products/op-1-field,Website,Product microsite,Music Technology,"Industrial playful, product-first, tactile",Light,Technical sans,Hardware closeups / demos,Medium,Medium,Low,A small product page with outstanding industrial-design personality,9.8,A,music|hardware|industrial|playful|product,Active,2026-08-07,https://teenage.engineering/products/op-1-field,
328,Dyson OnTrac,https://www.dyson.com/headphones/ontrac,Website,Product microsite,Technology / Audio,"Engineering-led, glossy, 3D product",Mixed,Modern sans,Exploded / material product story,High,Medium,High,Engineering diagrams and material renders become high-end visual storytelling,9.7,A,audio|engineering|product|3d|technology|motion,Active,2026-08-07,https://www.dyson.com/headphones/ontrac,
329,Beolab 90,https://www.bang-olufsen.com/en/us/speakers/beolab-90,Website,Product microsite,Luxury / Audio,"Sculptural, luxury, acoustic-tech",Dark,Refined sans,Speaker / material imagery,Medium,Low,Medium,Treats a loudspeaker like architecture and sculpture,9.7,A,audio|luxury|sculptural|product|industrial,Active,2026-08-07,https://www.bang-olufsen.com/en/us/speakers/beolab-90,
330,Lucid Gravity,https://lucidmotors.com/gravity,Website,Product microsite,Automotive,"Futuristic, cinematic, luxury EV",Mixed,Modern sans,Vehicle film / product story,High,Medium,Medium,Very polished automotive motion and futuristic product framing,9.6,A,automotive|luxury|cinematic|product|motion,Active,2026-08-07,https://lucidmotors.com/gravity,
331,SSENSE,https://www.ssense.com,Website,Fashion commerce / editorial,Fashion / Culture,"Brutalist luxury, editorial, monochrome",Light,Modern sans,Editorial commerce grid,Low,Medium,Low,"Commerce, fashion editorial and cultural publishing share one severe visual system",9.7,A,fashion|editorial|brutalist|luxury|commerce,Active,2026-08-07,https://www.ssense.com,
332,Slam Jam,https://slamjam.com,Website,Fashion commerce / culture,Fashion / Culture,"Subcultural, editorial, graphic",Light,Bold sans,Campaign / editorial grid,Medium,Low,Low,Strong street-culture identity and non-generic merchandising,9.6,A,fashion|culture|editorial|streetwear|graphic,Active,2026-08-07,https://slamjam.com,
333,Rick Owens,https://www.rickowens.eu,Website,Fashion commerce,Luxury / Fashion,"Monolithic, brutal, monochrome",Light,Minimal sans,Campaign / product imagery,Low,Low,Low,Extreme restraint mirrors the architectural character of the brand,9.6,A,fashion|brutalist|monochrome|luxury|minimal,Active,2026-08-07,https://www.rickowens.eu,
334,Issey Miyake,https://www.isseymiyake.com,Website,Fashion / brand,Fashion / Design,"Japanese minimal, conceptual, graphic",Light,Modern sans,Collection / design stories,Medium,Low,Low,Conceptual fashion is translated into a clean but visually inventive system,9.7,A,fashion|japanese|conceptual|minimal|editorial,Active,2026-08-07,https://www.isseymiyake.com,
335,sacai,https://www.sacai.jp,Website,Fashion / brand,Luxury / Fashion,"Japanese fashion, editorial, restrained",Light,Sans,Collection imagery,Low,Low,Low,Controlled visual identity lets hybrid fashion imagery carry the experience,9.5,A,fashion|japanese|editorial|minimal|luxury,Active,2026-08-07,https://www.sacai.jp,
336,AMBUSH,https://www.ambushdesign.com,Website,Fashion commerce,Fashion / Culture,"Bold, digital, street-luxury",Mixed,Bold sans,Campaign / product imagery,Medium,Low,Low,"High-energy art direction bridges streetwear, jewelry and luxury",9.5,A,fashion|streetwear|luxury|bold|campaign,Active,2026-08-07,https://www.ambushdesign.com,
337,Brain Dead,https://wearebraindead.com,Website,Fashion / culture commerce,Fashion / Culture,"Graphic maximalism, weird, subcultural",Mixed,Expressive type,Illustration / product / culture grid,Medium,Low,Low,Feels like a graphic-zine universe rather than a standard shop,9.8,A,fashion|maximal|graphic|subculture|illustration,Active,2026-08-07,https://wearebraindead.com,
338,Satisfy Running,https://satisfyrunning.com,Website,Performance fashion,Fashion / Sports,"Editorial performance, tactile, premium",Light,Sans,Running / material photography,Medium,Low,Low,Performance apparel presented with art-book-level photography,9.7,A,fashion|running|editorial|premium|photography,Active,2026-08-07,https://satisfyrunning.com,
339,District Vision,https://districtvision.com,Website,Performance / wellness brand,Fashion / Wellness,"Minimal wellness, Japanese-influenced, editorial",Light,Refined sans,Lifestyle / product story,Low,Low,Low,"Quiet, meditative visual language is unusual for performance products",9.6,A,fashion|wellness|minimal|editorial|lifestyle,Active,2026-08-07,https://districtvision.com,
340,Dover Street Market,https://shop.doverstreetmarket.com,Website,Fashion commerce / culture,Fashion / Culture,"Raw luxury retail, editorial, anti-template",Light,Utilitarian sans,Designer / product grid,Low,Low,Low,A deliberately idiosyncratic digital counterpart to its physical retail concept,9.5,A,fashion|retail|culture|editorial|anti-design,Active,2026-08-07,https://shop.doverstreetmarket.com,
341,The Face,https://theface.com,Blog,Fashion / music / culture,Editorial,"Bold youth editorial, image-heavy, kinetic",Mixed,Huge display sans,Feature cover / cultural imagery,Medium,Low,Low,Strong cover-story composition and unmistakable youth-culture tone,9.7,A,editorial|fashion|music|culture|bold,Active,2026-08-07,https://theface.com,
342,032c,https://032c.com,Blog,Fashion / culture,Editorial,"Berlin editorial, experimental, graphic",Light,Expressive serif + sans,Editorial feature grid,Medium,Low,Low,A fashion/culture publication with strong art-direction and graphic tension,9.7,A,editorial|fashion|culture|experimental|berlin,Active,2026-08-07,https://032c.com,
343,AnOther,https://www.anothermag.com,Blog,Fashion / culture,Editorial,"Luxury fashion editorial, photography-led",Light,Serif + sans,Feature photography,Low,Low,Low,Elegant digital translation of high-fashion editorial photography,9.5,A,editorial|fashion|luxury|photography|magazine,Active,2026-08-07,https://www.anothermag.com,
344,Interview Magazine,https://www.interviewmagazine.com,Blog,Culture / fashion / celebrity,Editorial,"Bold magazine, portrait-led, graphic",Light,Display sans,Cover / portrait feature,Medium,Low,Low,Iconic portrait-driven editorial identity with strong graphic framing,9.5,A,editorial|culture|portrait|fashion|magazine,Active,2026-08-07,https://www.interviewmagazine.com,
345,Document Journal,https://www.documentjournal.com,Blog,Fashion / art / culture,Editorial,"Art-fashion editorial, minimal, image-led",Light,Refined serif + sans,Feature imagery / journal grid,Low,Low,Low,Gallery-like space and sophisticated fashion/art imagery,9.6,A,editorial|fashion|art|minimal|photography,Active,2026-08-07,https://www.documentjournal.com,
346,Kaleidoscope,https://kaleidoscope.media,Blog,Art / fashion / culture,Editorial,"Experimental art magazine, graphic, bold",Mixed,Expressive typography,Editorial feature / issue imagery,Medium,Low,Low,Contemporary art publishing with consistently surprising graphic composition,9.8,A,editorial|art|fashion|experimental|typography,Active,2026-08-07,https://kaleidoscope.media,
347,Purple,https://purple.fr,Blog,Fashion / art / culture,Editorial,"Raw luxury editorial, art-led",Light,Serif + sans,Feature / archive imagery,Low,Low,Low,Independent art-fashion sensibility with deliberately sparse interface design,9.5,A,editorial|fashion|art|luxury|independent,Active,2026-08-07,https://purple.fr,
348,Office Magazine,https://officemagazine.net,Blog,Fashion / art / youth culture,Editorial,"Playful editorial, colorful, experimental",Light,Bold sans,Feature story / imagery,Medium,Low,Low,"Youth-culture publishing with a looser, more playful visual language",9.5,A,editorial|fashion|culture|playful|experimental,Active,2026-08-07,https://officemagazine.net,
349,Highsnobiety,https://www.highsnobiety.com,Blog,Fashion / culture,Editorial,"Premium street culture, bold editorial",Light,Bold sans,Feature / commerce content,Medium,Low,Low,"Strong bridge between editorial storytelling, culture and commerce",9.4,A,editorial|fashion|culture|commerce|streetwear,Active,2026-08-07,https://www.highsnobiety.com,
350,System Magazine,https://system-magazine.com,Blog,Fashion / industry,Editorial,"High-fashion editorial, restrained, print-led",Light,Serif + sans,Issue / feature imagery,Low,Low,Low,Sophisticated print-minded fashion publishing with excellent typography,9.6,A,editorial|fashion|print-inspired|luxury|magazine,Active,2026-08-07,https://system-magazine.com,
351,20 Years Inspired by People,https://inspiring.nk.studio/,Website,Studio anniversary experience,Creative Services,"Immersive retrospective, kinetic, art-directed",Dark,Expressive display sans,Interactive retrospective,High,Low,High,"Turns a studio archive into a spatial, celebratory browser experience",9.9,A,immersive|webgl|motion|archive|art-direction,Active,2026-08-07,https://inspiring.nk.studio/,"Awwwards SOTD, Aug 2026"
352,CIAO ENERGY,https://www.ciaoenergy.com/,Website,Energy / brand experience,Food & Beverage,"Hyper-color, kinetic, campaign-led",Mixed,Bold display type,Animated product world,High,Low,Medium,"Extremely energetic color, motion and product composition",9.7,A,colorful|motion|campaign|product|bold,Active,2026-08-07,https://www.ciaoenergy.com/,"Awwwards SOTD, Jul 2026"
353,NORMAL IS BORING,https://normalisboring.es/,Website,Luxury real estate,Real Estate,"Avant-garde, editorial, transition-heavy",Mixed,Oversized editorial type,Art-directed property story,High,Low,Medium,Luxury real estate presented more like a fashion campaign than a property site,9.8,A,luxury|editorial|real-estate|motion|art-direction,Active,2026-08-07,https://normalisboring.es/,"Awwwards SOTD, Jul 2026"
354,Lacoste Polo Factory,https://members-play.lacoste.com/polo-factory-experience/gb/en/,Website,Interactive campaign,Fashion / Sports,"Playful 3D, factory-world, game-like",Mixed,Sporty sans,Interactive 3D factory,High,High,High,Transforms product heritage into a navigable 3D game-like environment,10.0,A,fashion|3d|game|interactive|campaign|webgl,Active,2026-08-07,https://members-play.lacoste.com/polo-factory-experience/gb/en/,"Awwwards SOTD, Jul 2026"
355,Lama Lama,https://lamalama.com/,Website,Creative agency,Creative Services,"Bold, kinetic, characterful",Mixed,Expressive sans,Animated portfolio world,High,Low,Medium,"Fast, confident motion and unusual transitions make the agency identity memorable",9.7,A,agency|motion|portfolio|bold|interactive,Active,2026-08-07,https://lamalama.com/,"Awwwards SOTD, Jul 2026"
356,Glitch&Grit,https://glitchandgrit.com/,Website,Creative studio,Creative Services,"Editorial grit, graphic, transition-led",Mixed,Bold sans,Interactive project montage,High,Low,Medium,Graphic imperfection and polished motion coexist unusually well,9.7,A,studio|graphic|motion|editorial|experimental,Active,2026-08-07,https://glitchandgrit.com/,"Awwwards SOTD, Jul 2026"
357,IZANAMI,https://izanami-official.com/,Website,Culture / retreat / craft,Arts & Culture,"Japanese atmospheric, cinematic, poetic",Dark,Refined Japanese/Latin type,Narrative cultural experience,High,Low,Medium,"A quiet but immersive world built through pacing, sound, imagery and typography",9.8,A,japanese|cinematic|storytelling|culture|motion,Active,2026-08-07,https://izanami-official.com/,"Awwwards SOTD, Jul 2026"
358,Hiroto Sato,https://hirotos.com/,Website,Creative portfolio,Creative Services,"Minimal Japanese, kinetic, image-led",Mixed,Refined sans,Interactive portfolio,High,Low,Medium,Subtle motion and typography make a restrained portfolio feel highly crafted,9.7,A,portfolio|japanese|minimal|motion|interactive,Active,2026-08-07,https://hirotos.com/,"Awwwards SOTD, Jul 2026"
359,CoffeeTech,https://www.coffee-tech.com/,Website,Coffee technology,Food & Beverage / Technology,"Industrial premium, tactile, product-led",Dark,Technical sans,Product / machine storytelling,High,Medium,Medium,Industrial hardware is staged with cinematic product-detail treatment,9.7,A,coffee|industrial|product|cinematic|technology,Active,2026-08-07,https://www.coffee-tech.com/,"Awwwards SOTD, Jul 2026"
360,RISK,https://www.risk.film/,Website,Film / production,Media & Entertainment,"Cinematic, dark, atmospheric",Dark,Minimal sans,Full-screen film experience,High,Low,Medium,"Minimal interface lets film, pacing and atmosphere carry the entire experience",9.8,A,film|cinematic|dark|storytelling|motion,Active,2026-08-07,https://www.risk.film/,"Awwwards/CSSDA recognition, 2026"
361,Cula Technologies,https://www.cula.tech/,Website,Climate technology,Climate / Technology,"Futuristic clean-tech, spatial, technical",Dark,Modern sans,Technology / climate visualization,High,Medium,Medium,Climate-tech information is framed with unusually premium spatial design,9.6,A,climate|technology|futuristic|motion|product,Active,2026-08-07,https://www.cula.tech/,"CSSDA WOTD, 2026"
362,Aardvark Book Club,https://www.aardvarkbookclub.com/,Website,Book subscription,Publishing / Commerce,"Playful editorial, colorful, tactile",Light,Editorial serif + sans,Book / membership storytelling,High,Medium,Low,Book commerce feels like a playful editorial object rather than a subscription funnel,9.7,A,books|editorial|colorful|playful|commerce,Active,2026-08-07,https://www.aardvarkbookclub.com/,"CSSDA WOTD, 2026"
363,Motiondeep,https://www.motiondeep.com/,Website,Motion studio,Creative Services,"Motion-first, cinematic, premium",Dark,Modern sans,Motion showreel,High,Low,High,Almost every surface behaves like moving visual material,9.8,A,studio|motion|cinematic|3d|showreel,Active,2026-08-07,https://www.motiondeep.com/,"CSSDA WOTD, 2026"
364,Le Mans Classic,https://www.lemansclassic.com/en/,Website,Motorsport event,Automotive / Events,"Heritage motorsport, cinematic, editorial",Mixed,Racing-inspired display type,Motorsport event storytelling,High,Low,Low,Vintage racing heritage is translated into a contemporary digital identity,9.6,A,automotive|motorsport|editorial|heritage|motion,Active,2026-08-07,https://www.lemansclassic.com/en/,"CSSDA WOTD, 2026"
365,SSTR Friction Reduction,https://sstr.tech/en/products/frs/,Website,Industrial technology,Technology / Engineering,"Technical, 3D, industrial, futuristic",Dark,Technical sans,3D engineering visualization,High,Medium,High,Complex engineering is made visually compelling through spatial product explanation,9.7,A,engineering|3d|technical|industrial|product,Active,2026-08-07,https://sstr.tech/en/products/frs/,"CSSDA WOTD, 2026"
366,Duyu Care,https://duyucare.dops.agency/,Website,Wellness / healthcare,Health & Wellness,"Soft surreal, tactile, editorial",Light,Soft editorial sans,Wellness product story,High,Low,Medium,Organic movement and tactile imagery create a distinctive wellness atmosphere,9.6,A,wellness|editorial|surreal|motion|health,Active,2026-08-07,https://duyucare.dops.agency/,Award-preview live URL; official domain in maintenance during curation
367,Cipher Digital,https://cipherdigital.com/,Website,Digital studio,Creative Services,"Technical cinematic, motion-led",Dark,Modern sans,Interactive studio portfolio,High,Low,Medium,Dense motion effects are kept coherent through a disciplined dark visual system,9.6,A,studio|dark|motion|technical|portfolio,Active,2026-08-07,https://cipherdigital.com/,"CSSDA WOTD, 2026"
368,100 Lost Species,https://www.100lostspecies.com/,Website,Conservation experience,Climate / Culture,"Emotional, immersive, editorial",Dark,Editorial sans,Interactive species archive,High,Low,Medium,Data and extinction storytelling become an emotionally visual digital memorial,9.9,A,climate|storytelling|archive|immersive|editorial,Active,2026-08-07,https://www.100lostspecies.com/,"CSSDA recognition, 2026"
369,Benjamin Hoang,https://benjamincreative.me/,Website,Creative portfolio,Creative Services,"Experimental portfolio, kinetic, personal",Mixed,Expressive sans,Interactive personal portfolio,High,Low,Medium,Personal work is presented as an exploratory digital object,9.6,A,portfolio|interactive|motion|experimental|personal,Active,2026-08-07,https://benjamincreative.me/,"CSSDA WOTD, 2026"
370,Nudot Studio,https://nudot.com.tw/,Website,Design studio,Creative Services,"Taiwanese minimal, graphic, precise",Light,Modern sans,Project / identity grid,Medium,Low,Low,Highly disciplined graphic composition with precise visual pacing,9.6,A,studio|graphic|minimal|taiwan|portfolio,Active,2026-08-07,https://nudot.com.tw/,"CSSDA WOTD, 2026"
371,Studio K95,https://k95.it/,Website,Creative studio,Creative Services,"Art-directed, graphic, kinetic",Mixed,Display sans,Animated project portfolio,High,Low,Medium,"Identity, typography and motion feel like one coherent graphic system",9.7,A,studio|typography|motion|graphic|portfolio,Active,2026-08-07,https://k95.it/,"CSSDA WOTD, 2026"
372,Flowty Studio,https://flowty.studio/,Website,Creative studio,Creative Services,"Fluid, playful, interaction-led",Mixed,Expressive sans,Interactive project flow,High,Low,Medium,Fluid movement is used consistently as a core brand language,9.6,A,studio|fluid|motion|interactive|portfolio,Active,2026-08-07,https://flowty.studio/,"CSSDA WOTD, 2026"
373,Curio Tech,https://www.curiotech.co.jp/,Website,Technology company,Technology,"Japanese futuristic, polished, spatial",Dark,Modern Japanese/Latin sans,Technology visual narrative,High,Medium,Medium,Futuristic technology presentation with refined Japanese visual discipline,9.7,A,japanese|technology|futuristic|motion|spatial,Active,2026-08-07,https://www.curiotech.co.jp/,"CSSDA WOTD, 2026"
374,Where Worlds Take Shape,https://paodao.fr/,Website,Creative developer portfolio,Creative Services,"Playable, WebGL, surreal, game-like",Dark,Minimal sans,Interactive 3D world,High,High,High,A portfolio that behaves as a playable world rather than a page,10.0,A,portfolio|webgl|3d|game|interactive|surreal,Active,2026-08-07,https://paodao.fr/,"CSSDA WOTD, 2026"
375,Vizcom,https://vizcom.com/,Webapp,AI industrial design,AI / Design Tools,"3D product-led, futuristic, visual",Dark,Modern sans,AI rendering / product UI,High,High,High,AI product workflow is demonstrated through extremely visual industrial-design output,9.8,A,ai|3d|industrial-design|product-ui|visual,Active,2026-08-07,https://vizcom.com/,"CSSDA WOTD, 2026"
376,Oryzo AI,https://oryzo.ai/,Website,AI experience,AI / Technology,"Surreal AI, immersive, 3D",Dark,Modern sans,Interactive AI world,High,Medium,High,A highly spatial AI brand world with exceptional rendering and motion,10.0,A,ai|3d|webgl|surreal|immersive|motion,Active,2026-08-07,https://oryzo.ai/,"CSSDA WOTM nominee/winner-level score, 2026"
377,SIT Virtual Campus Tour,https://www.singaporetech.edu.sg/openhouse/virtual-campus-tour/,Webapp,Virtual campus experience,Education,"3D campus, navigable, game-like",Mixed,Modern sans,Interactive 3D campus,High,High,High,Transforms a campus tour into a navigable spatial web experience,9.9,A,education|3d|virtual-tour|webgl|interactive,Active,2026-08-07,https://www.singaporetech.edu.sg/openhouse/virtual-campus-tour/,"CSSDA WOTD, 2026"
378,iyO,https://www.iyo.ai/,Website,AI audio computer,AI / Consumer Technology,"Future-product, cinematic, minimal",Dark,Modern sans,Product / agentic-computing story,High,Medium,Medium,Six years of agentic-computing R&D is staged like a premium future-product launch,9.8,A,ai|audio|product|cinematic|technology,Active,2026-08-07,https://www.iyo.ai/,"CSSDA WOTD / Awwwards-featured, 2026"
379,Lando Norris,https://landonorris.com/,Website,Athlete / personal brand,Sports / Culture,"High-energy racing, editorial, kinetic",Mixed,Bold racing display type,Career / racing visual story,High,Low,Medium,Motorsport personality is turned into a rich interactive brand system,9.8,A,motorsport|personal-brand|motion|editorial|interactive,Active,2026-08-07,https://landonorris.com/,"CSSDA WOTM-level recognition, 2026"
380,Kenichi Aikawa,https://aikawakenichi.com/,Website,Photography portfolio,Photography,"Gallery-like, cinematic, minimal",Dark,Minimal sans,Full-screen photography,High,Low,Low,Photography transitions and pacing create an almost filmic portfolio experience,9.7,A,photography|portfolio|cinematic|minimal|motion,Active,2026-08-07,https://aikawakenichi.com/,"CSSDA WOTD, 2026"
381,Artem Shcherbakov,https://artemartemartem.com/,Website,Creative portfolio,Creative Services,"Experimental, art-led, kinetic",Mixed,Expressive type,Interactive creative portfolio,High,Low,Medium,An aggressively authored portfolio with unconventional movement and composition,9.8,A,portfolio|experimental|motion|art-direction|interactive,Active,2026-08-07,https://artemartemartem.com/,"Awwwards SOTD, Jul 2026"
382,Floema,https://www.floema.com/,Website,Urban design / furniture,Design / Urbanism,"Editorial, architectural, motion-rich",Light,Refined sans,Urban product / case-study story,High,Low,Medium,Sustainable urban products are framed through elegant architectural storytelling,9.8,A,urbanism|editorial|architecture|motion|product,Active,2026-08-07,https://www.floema.com/,"Awwwards/CSSDA SOTD, 2026"
383,Wembi,https://www.wembi.ai/,Website,AI product,AI / Technology,"Futuristic minimal, kinetic, product-led",Dark,Modern sans,AI product / visual system,High,Medium,Medium,Excellent balance of technological futurism and editorial restraint,9.9,A,ai|futuristic|minimal|motion|product,Active,2026-08-07,https://www.wembi.ai/,"CSSDA WOTD, strong panel scores, 2026"
384,The Extraordinary Lab,https://www.gq.com/sponsored/story/the-extraordinary-lab,Website,Branded editorial experience,Luxury / Editorial,"Luxury editorial, interactive, cinematic",Dark,Editorial serif + sans,Interactive watchmaking story,High,Low,Medium,Branded content reaches luxury-magazine and interactive-documentary quality,9.9,A,luxury|editorial|interactive|cinematic|watch,Active,2026-08-07,https://www.gq.com/sponsored/story/the-extraordinary-lab,"CSSDA Website of the Month, Jun 2026"
385,House of Honey,https://www.houseofhoney.com/,Website,Creative / hospitality brand,Hospitality / Lifestyle,"Warm maximalism, crafted, editorial",Mixed,Expressive serif + sans,Brand world / visual story,High,Low,Medium,Rich visual identity feels handcrafted while retaining highly polished interaction,9.7,A,hospitality|maximal|editorial|motion|branding,Active,2026-08-07,https://www.houseofhoney.com/,"Awwwards SOTD, 2026"
386,Longbow,https://db-longbow.webflow.io,Website,Brand / technology concept,Technology,"Dark futuristic, spatial, cinematic",Dark,Modern sans,Interactive visual narrative,High,Low,High,Award concept uses spatial motion and a high-contrast future-tech visual system,9.8,A,technology|futuristic|webgl|motion|cinematic,Active,2026-08-07,https://db-longbow.webflow.io,"Award live concept URL; Awwwards/CSSDA recognition, 2026"
387,Vectr,https://vectrfl.com/,Website,AI staffing / future of work,AI / B2B,"AI-driven, spatial, dark, experimental",Dark,Modern sans,Interactive staffing experience,High,Medium,High,A business concept presented through an unusually cinematic interactive world,9.8,A,ai|b2b|webgl|experimental|motion,Active,2026-08-07,https://vectrfl.com/,"Awwwards SOTD, Jul 2026"
388,21 Hrs On The Moon,https://www.21hrs.space,Website,Interactive story / experience,Arts & Culture,"Space cinematic, 3D, sound-led",Dark,Minimal sans,Interactive lunar story,High,Low,High,"Sound, 3D and narrative pacing make the browser feel like a cinematic installation",10.0,A,space|3d|webgl|sound|storytelling|cinematic,Active,2026-08-07,https://www.21hrs.space,"Awwwards SOTD; Creative Circle Gold, 2026"
389,PP Neue Montreal,https://neuemontreal.com/,Website,Typeface microsite,Typography,"Typographic playground, motion-led, editorial",Mixed,PP Neue Montreal,Interactive type specimen,High,Low,Medium,A single typeface becomes a full interactive identity and motion system,9.9,A,typography|typeface|interactive|motion|specimen,Active,2026-08-07,https://neuemontreal.com/,"Awwwards SOTD, Jul 2026"
390,Partizan,https://partizan.com/,Website,Production company,Film / Creative Services,"Film-first, editorial, highly visual",Dark,Minimal sans,Film / director reel,High,Low,Low,Production work is surfaced with highly confident cinematic pacing,9.7,A,film|production|cinematic|editorial|portfolio,Active,2026-08-07,https://partizan.com/,"Awwwards SOTD, Jul 2026"
391,PieterKoopt®,https://www.pieterkoopt.nl/,Website,Retail / brand experience,Commerce / Culture,"Playful commerce, graphic, characterful",Mixed,Bold display type,Interactive retail story,High,Medium,Medium,A retail proposition expressed through playful identity and unexpected digital interaction,9.8,A,commerce|playful|graphic|interactive|branding,Active,2026-08-07,https://www.pieterkoopt.nl/,"CSSDA WOTD, 2026"
392,The Obsidian Assembly,https://obsidianassembly.com/,Website,Immersive cultural experience,Arts & Culture,"Dark fantasy, cinematic, 3D",Dark,Cinematic display type,Interactive world / narrative,High,Low,High,Feels like entering a game or title sequence rather than browsing a website,10.0,A,dark|fantasy|3d|webgl|cinematic|immersive,Active,2026-08-07,https://obsidianassembly.com/,"CSSDA WOTM-level recognition, 2026"
393,T11,https://t11.com/,Website,Entertainment / events,Media & Entertainment,"Immersive entertainment, WebGL, premium",Dark,Bold sans,Interactive 3D entertainment world,High,Low,High,Entertainment brand uses high-fidelity real-time 3D as a core navigation language,9.9,A,entertainment|webgl|3d|interactive|premium,Active,2026-08-07,https://t11.com/,"CSSDA WOTD / Awwwards SOTD, 2026"
394,SUTÉRA — Stella Mühlhaus,https://www.sutera.ch/,Website,Design portfolio,Creative Services,"Conceptual portfolio, tactile, experimental",Light,Editorial sans,Personal design narrative,High,Low,Medium,A portfolio with an unusually authored concept and refined tactile interaction,9.8,A,portfolio|design|experimental|editorial|motion,Active,2026-08-07,https://www.sutera.ch/,"CSSDA WOTD, Mar 2026"
395,Max Mara — Jacket Circle,https://thejacketcirclegame.maxmara.com/,Website,Interactive fashion campaign,Luxury / Fashion,"Game-like fashion, 3D, surreal",Mixed,Fashion display type,Interactive fashion worlds,High,High,High,A luxury campaign becomes a series of explorable imaginary worlds,10.0,A,fashion|luxury|3d|game|interactive|campaign,Active,2026-08-07,https://thejacketcirclegame.maxmara.com/,"Awwwards SOTD / CSSDA WOTD, Apr 2026"
396,MR.MOLD,https://www.mrmold.ai/,Website,Interactive AI experience,Entertainment / AI,"Playful surreal, AI-assisted, cinematic",Mixed,Expressive display type,Interactive character journey,High,High,Medium,"A familiar office escape is turned into a weird, playful interactive narrative",9.8,A,ai|playful|surreal|interactive|storytelling,Active,2026-08-07,https://www.mrmold.ai/,"CSSDA WOTD / Awwwards recognition, 2026"
397,Poly,https://poly.app,Webapp,Intelligent file browser,Productivity / Technology,"3D product storytelling, polished, spatial",Mixed,Bogue + Haffer + Inter,Scroll-driven in-page product demo,High,High,High,Product features are explained through exceptional scroll choreography and spatial 3D,9.9,A,product-ui|3d|scroll|storytelling|technology,Active,2026-08-07,https://poly.app,"CSSDA WOTD; Unseen Studio, 2026"
398,Capitolium,https://www.collabcapitolium.fr,Website,Sports collaboration campaign,Sports / Culture,"Horizontal, heritage, editorial, cinematic",Mixed,Display serif + sans,Shared-jersey campaign story,High,Low,Medium,Two iconic Toulouse clubs are fused into a beautifully staged cultural sports object,9.8,A,sports|editorial|horizontal|campaign|motion,Active,2026-08-07,https://www.collabcapitolium.fr,"Awwwards SOTD / CSSDA WOTD, May 2026"
399,Don Molinico,https://www.donmolinico.es/,Website,Food brand,Food & Beverage,"Bold packaging-world, animated, playful",Mixed,Expressive display type,Animated product / brand world,High,Low,Medium,"A grocery product brand becomes a loud, polished and characterful digital world",9.8,A,food|branding|playful|motion|packaging,Active,2026-08-07,https://www.donmolinico.es/,"Awwwards SOTD / CSSDA WOTD, Apr 2026"
400,fromanother.love,https://www.fromanother.love/,Website,Creative agency,Creative Services,"Emotional, experimental, motion-led",Mixed,Expressive sans,Interactive agency narrative,High,Low,Medium,A deeply authored studio identity where transitions and typography feel personal rather than procedural,9.9,A,agency|experimental|motion|typography|interactive,Active,2026-08-07,https://www.fromanother.love/,"FWA FOTD + Awwwards SOTD/Developer Award + CSSDA WOTD, 2026"
401,The Monolith Project,https://themonolithproject.net/,Website,Interactive 3D experience,Art / Creative Technology,"Monolithic, atmospheric, real-time 3D",Dark,Minimal display sans,Immersive 3D object / world,High,Low,High,A browser-scale 3D art object with spatial transitions and cinematic atmosphere,10.0,A,3d|webgl|immersive|cinematic|experimental,Active,2026-08-07,https://themonolithproject.net/,CSSDA Website of the Year 2025 nominee
402,The Symphony of Vines,https://symphonyofvines.com/,Website,Interactive brand experience,Wine / Luxury,"Cinematic, elemental, real-time, sensory",Dark,Elegant editorial sans,Four-chapter interactive landscape,High,Low,High,"Glaciers, rivers, tides and soil become interactive narrative mechanics",10.0,A,webgl|cinematic|storytelling|interactive|luxury|sound,Active,2026-08-07,https://symphonyofvines.com/,CSSDA WOTY 2025 nominee; created by Unseen Studio
403,Charles Leclerc,https://www.charlesleclerc.com/,Website,Athlete experience,Sports / Motorsport,"Fast-paced editorial, kinetic, racing-inspired",Mixed,Bold racing sans,Driver / personal narrative split,High,Low,Medium,The interface shifts rhythm between racing intensity and intimate personal storytelling,9.9,A,motorsport|motion|storytelling|unusual-navigation|personal-brand,Active,2026-08-07,https://www.charlesleclerc.com/,"Awwwards SOTD + Developer Award, 2025"
404,Nite Riot,https://www.nite-riot.com/,Website,Production portfolio,Film / Creative Services,"Horizontal, typographic, editorial, campaign-led",Mixed,Condensed display sans,Infinite/horizontal campaign archive,High,Low,Low,A commercial production archive turned into a highly authored visual browsing system,9.7,A,portfolio|horizontal|typography|film|interactive|editorial,Active,2026-08-07,https://www.nite-riot.com/,Featured by Awwwards design inspiration collections
405,Atoll Digital,https://atolldigital.com/,Website,Digital agency,Creative Services,"Industrial-futuristic, bold, 3D-accented",Mixed,Large modern sans,Agency hero / spatial imagery,High,Low,Medium,Industrial visual language and bold 3D imagery make a service site feel cinematic,9.8,A,agency|3d|industrial|futuristic|motion|portfolio,Active,2026-08-07,https://atolldigital.com/,CSSDA Website of the Month Feb 2025; Awwwards SOTD
406,Merouane Bali — 3D Portfolio,https://merodev.net/,Website,Creative developer portfolio,Creative Technology,"Playable 3D, technical, experimental",Dark,Minimal sans / technical accents,Navigable 3D portfolio world,High,High,High,Coding portfolio becomes an explorable 3D environment rather than a case-study grid,10.0,A,portfolio|3d|webgl|developer|interactive|experimental,Active,2026-08-07,https://merodev.net/,CSSDA WOTY 2025 nominee
407,David Whyte Experience,https://davidwhyte.com/experience/,Website,Poetry / cultural experience,Arts & Culture,"Poetic, cinematic, spatial, sound-led",Dark,Editorial serif + sans,Immersive poetry / landscape journey,High,Medium,High,"Poetry, art, sound and spatial exploration combine into an unusually emotional web experience",10.0,A,poetry|immersive|sound|3d|editorial|storytelling,Active,2026-08-07,https://davidwhyte.com/experience/,Awwwards Site of the Month + SOTD; CSSDA/FWA awards
408,Julien Calot,https://www.juliencalot.com/,Website,Artist portfolio,Art / Culture,"Painterly, colorful, gallery-like, kinetic",Mixed,Minimal sans,Artwork-led interactive gallery,High,Low,Medium,Artwork dominates while transitions and navigation reinforce a distinct painterly world,9.8,A,art|portfolio|gallery|colorful|motion|interactive,Active,2026-08-07,https://www.juliencalot.com/,Awwwards SOTD
409,Dragonfly Redux,https://dragonfly.xyz/,Website,Venture / crypto brand,Finance / Technology,"ASCII, shader-driven, terminal-like, kinetic",Dark,Monospace + modern sans,ASCII/shader dragonfly hero,High,Low,High,A financial site rendered like a living terminal with generative ASCII motion,10.0,A,ascii|shader|webgl|crypto|motion|experimental,Active,2026-08-07,https://dragonfly.xyz/,"Awwwards SOTD, Jul 2026; Studio Freight"
410,Persepolis Reimagined,https://persepolis.getty.edu/,Website,Virtual historical reconstruction,Arts & Culture,"Archaeological, immersive, 3D, museum-like",Dark,Editorial sans,Navigable ancient-city reconstruction,High,High,High,A lost historical site becomes an explorable real-time virtual place,10.0,A,history|museum|3d|webgl|virtual-tour|storytelling,Active,2026-08-07,https://persepolis.getty.edu/,Getty immersive experience; major award recognition
411,Keikku,https://keikku.health/,Website,Health-tech product launch,Health / Technology,"Soft futuristic, medical, typographic, 3D",Light,Large contemporary sans,Next-gen stethoscope story,High,Medium,High,"Medical hardware feels human and futuristic through soft 3D, motion and type",9.8,A,health|3d|product|typography|motion|technology,Active,2026-08-07,https://keikku.health/,CSSDA WOTY 2025 nominee; Awwwards featured
412,Juice Agency,https://www.juice.agency/,Website,Creative agency,Creative Services,"Bold, editorial, transition-rich, brand-led",Mixed,Expressive sans,Animated agency showcase,High,Low,Medium,"A highly energetic agency site with strong branding, motion and project pacing",9.7,A,agency|branding|motion|editorial|portfolio|interactive,Active,2026-08-07,https://www.juice.agency/,Awwwards SOTD
413,Iventions,https://iventions.com/,Website,Global events agency,Events / Creative Services,"Cinematic events, premium, spatial",Dark,Modern sans,Event showreel / experiential work,High,Low,Medium,Large-scale event work is presented with cinematic production-value and spatial rhythm,9.7,A,events|cinematic|agency|motion|experiential,Active,2026-08-07,https://iventions.com/,"CSSDA WOTD + Website of the Month, 2025"
414,Exat Typeface,https://exat.hottype.co/,Website,Typeface microsite,Typography,"Experimental type, kinetic, specimen-first",Mixed,Exat,Interactive type specimen,High,Medium,Medium,"The typeface itself becomes an animated interface, graphic system and playground",10.0,A,typography|typeface|motion|experimental|interactive|specimen,Active,2026-08-07,https://exat.hottype.co/,CSSDA Best UI Site 2025
415,Dropbox Brand Guidelines,https://brand.dropbox.com/,Website,Interactive brand system,Design / Branding,"Systematic, colorful, editorial, modular",Light,Brand sans + expressive type,Living brand-guideline system,Medium,Medium,Low,"A brand manual behaves like a polished, explorable design product rather than a PDF",9.8,A,branding|design-system|editorial|colorful|guidelines,Active,2026-08-07,https://brand.dropbox.com/,CSSDA Website of the Year 2025
416,KOKUYO — Curiosity is Life,https://www.kokuyo.com/en/special/curiosity-is-life/,Website,Anniversary brand experience,Design / Culture,"Pop-up-book, playful, 3D, whimsical",Light,Playful sans,Interactive pop-up-book world,High,Low,High,A 120-year corporate story is transformed into a playful 3D paper-world experience,10.0,A,3d|playful|paper|anniversary|interactive|storytelling,Active,2026-08-07,https://www.kokuyo.com/en/special/curiosity-is-life/,Webby People's Voice 2026; Awwwards/CSSDA recognition
417,ComPsych Brand Hub,https://compsych.konpo.co/,Website,Interactive brand guidelines,Branding / Healthcare,"Systematic, colorful, tactile, modular",Light,Brand sans,Interactive identity / guideline modules,High,Medium,Low,"Brand rules become a visual, interactive reference environment with strong personality",9.7,A,branding|design-system|guidelines|interactive|colorful,Active,2026-08-07,https://compsych.konpo.co/,"CSSDA Website of the Month, Aug 2025"
418,Don't Board Me,https://dontboardme.com/,Website,Illustrated brand experience,Pets / Culture,"Illustrative, irreverent, colorful, story-led",Light,Bold hand-made display type,Animated illustrated world,High,Low,Medium,"Illustration, copy and interaction combine into a memorable anti-corporate brand world",9.9,A,illustration|colorful|storytelling|playful|motion|branding,Active,2026-08-07,https://dontboardme.com/,Awwwards Site of the Year 2024
419,"100,000 Stars",https://stars.chromeexperiments.com/,Webapp,Interactive space visualization,Science / Education,"Cosmic, spatial, data-driven, minimal",Dark,Minimal sans,Zoomable stellar neighborhood,High,High,High,A seamless zoom from nearby stars to galactic scale makes data feel physically explorable,9.9,A,space|data-visualization|3d|interactive|science|webgl,Active,2026-08-07,https://stars.chromeexperiments.com/,Google Data Arts Team / Chrome Experiment
420,Star Atlas — Experience,https://experience.staratlas.com/,Website,Interactive game-world launch,Gaming / Web3,"Sci-fi, cinematic, real-time 3D",Dark,Futuristic sans,Explorable sci-fi universe,High,High,High,A game universe is introduced through high-fidelity spatial web storytelling,10.0,A,gaming|sci-fi|3d|webgl|cinematic|immersive,Active,2026-08-07,https://experience.staratlas.com/,Awwwards Site of the Year 2021
421,MindMarket,https://mindmarket.com/,Website,Research / insights platform,Research / Brand,"Human, editorial, expressive, motion-led",Mixed,Large contemporary sans,Research / human-insight storytelling,High,Medium,Medium,Behavioral research is translated into an unusually expressive visual brand experience,9.8,A,research|editorial|motion|branding|interactive,Active,2026-08-07,https://mindmarket.com/,"Awwwards Site of the Month, Dec 2025"
422,Ponpon Mania,https://ponpon-mania.com/,Website,Interactive comic / campaign,Entertainment,"Comic-book, WebGL, playful, kinetic",Mixed,Comic display type,Interactive comic world,High,High,High,The browser becomes a moving comic panel with playful real-time interaction,9.9,A,comic|webgl|playful|interactive|storytelling|motion,Active,2026-08-07,https://ponpon-mania.com/,"Awwwards Site of the Month, Oct 2025"
423,Terminal Industries,https://terminal-industries.com/,Website,Logistics technology,Technology / Logistics,"Industrial future-tech, 3D, high-contrast",Dark,Technical sans,3D logistics / yard-system narrative,High,Medium,High,Logistics infrastructure is made visually desirable through 3D and cinematic motion,9.8,A,logistics|industrial|3d|technology|motion|product,Active,2026-08-07,https://terminal-industries.com/,"Awwwards Site of the Month, Sep 2025"
424,Montfort,https://mont-fort.com/,Website,Luxury brand / group,Luxury,"Elegant WebGL, refined, cinematic",Dark,Refined serif + sans,Spatial luxury brand experience,High,Low,High,Micro-interactions and WebGL create an unusually tactile luxury presentation,9.9,A,luxury|webgl|cinematic|motion|interactive,Active,2026-08-07,https://mont-fort.com/,"Awwwards Site of the Month, Jun 2025"
425,Siena Film Foundation,https://www.siena.film/,Website,Film foundation / cultural archive,Film / Culture,"Cinematic editorial, atmospheric, image-led",Dark,Editorial serif + sans,Film / cultural story experience,High,Low,Medium,A film institution is presented like an elegant cinematic title sequence,9.8,A,film|editorial|cinematic|culture|motion,Active,2026-08-07,https://www.siena.film/,"Awwwards Site of the Month, Mar 2025; Webby nominee"
426,Tracing Art,https://www.getty.edu/tracingart,Website,Interactive provenance stories,Arts & Culture,"Museum editorial, investigative, interactive",Light,Editorial serif + sans,Interactive artwork provenance stories,High,High,Low,"Art provenance becomes a visual investigation with layered stories, maps and evidence",9.9,A,museum|art|interactive|storytelling|editorial|data,Active,2026-08-07,https://www.getty.edu/tracingart,"Getty; Awwwards Site of the Month, Jul 2025"
427,Anime.js,https://animejs.com/,Website,Animation-engine showcase,Creative Technology,"Motion-native, playful, technical",Dark,Modern sans / mono,Live animation playground,High,High,Medium,Documentation and product identity are fused into a constantly moving interactive showcase,9.9,A,animation|motion|developer|interactive|creative-code,Active,2026-08-07,https://animejs.com/,"Awwwards Site of the Month, May 2025"
428,Radio Garden,https://radio.garden/,Webapp,Interactive radio globe,Media & Entertainment,"Map-led, atmospheric, global, minimal",Dark,Minimal sans,Rotatable live-radio globe,High,High,High,Spin the planet and move directly between live radio cultures around the world,10.0,A,map|music|radio|globe|interactive|webgl,Active,2026-08-07,https://radio.garden/,Evergreen interaction reference
429,NASA Eyes on the Solar System,https://eyes.nasa.gov/apps/solar-system/,Webapp,Scientific 3D explorer,Science / Space,"Scientific, spatial, real-time 3D",Dark,Technical sans,Interactive Solar System simulation,High,High,High,Real NASA data becomes a navigable 3D model of the Solar System,10.0,A,space|nasa|3d|data-visualization|interactive|science,Active,2026-08-07,https://eyes.nasa.gov/apps/solar-system/,NASA/JPL interactive visualization
430,noclip,https://noclip.website/,Webapp,Video-game environment explorer,Gaming / Culture,"Raw 3D, game-engine-like, exploratory",Dark,Utility sans,Playable 3D game environments,High,High,High,Lets you freely explore extracted 3D environments from games directly in the browser,9.9,A,gaming|3d|webgl|exploration|interactive|archive,Active,2026-08-07,https://noclip.website/,Evergreen WebGL reference
431,Slow Roads,https://slowroads.io/,Webapp,Procedural driving experience,Gaming / Generative,"Procedural, meditative, 3D, atmospheric",Mixed,Minimal sans,Endless generated driving world,High,High,High,A relaxing endless road is generated and rendered entirely as an in-browser driving world,10.0,A,procedural|3d|webgl|driving|generative|interactive,Active,2026-08-07,https://slowroads.io/,Evergreen browser-world reference
432,Chrome Music Lab,https://musiclab.chromeexperiments.com/,Webapp,Interactive music experiments,Education / Music,"Playful, colorful, interaction-first",Light,Friendly sans,Grid of musical experiments,High,High,Medium,"A suite of tiny interaction ideas that make sound, rhythm and visualization instantly tangible",9.8,A,music|education|interactive|sound|colorful|experiments,Active,2026-08-07,https://musiclab.chromeexperiments.com/,Google Chrome Experiments
433,The Boat,https://www.sbs.com.au/theboat/,Website,Interactive graphic novel,Editorial / Culture,"Illustrated, cinematic, scroll-driven, sound-led",Dark,Editorial sans,Scrollable graphic novel,High,Low,Medium,"Illustration, parallax, sound and pacing turn reportage into an interactive graphic novel",9.9,A,graphic-novel|scroll|illustration|sound|storytelling|editorial,Active,2026-08-07,https://www.sbs.com.au/theboat/,Landmark interactive storytelling reference
434,The Fallen of World War II,https://www.fallen.io/ww2/,Website,Interactive data documentary,History / Data,"Data-cinematic, sober, explanatory",Dark,Minimal sans,Interactive documentary timeline,High,High,Medium,Narration pauses so viewers can directly explore the data inside the documentary,10.0,A,data-visualization|documentary|history|interactive|cinematic,Active,2026-08-07,https://www.fallen.io/ww2/,Classic data-storytelling benchmark
435,The Shadow Peace,https://www.fallen.io/shadow-peace/1/,Website,Interactive data documentary,History / Data,"Data-cinematic, restrained, interactive",Dark,Minimal sans,Interactive nuclear-risk documentary,High,High,Medium,Data-driven film becomes clickable at key moments to let viewers interrogate the story,9.9,A,data-visualization|documentary|interactive|history|cinematic,Active,2026-08-07,https://www.fallen.io/shadow-peace/1/,Neil Halloran interactive film
436,Earth Nullschool,https://earth.nullschool.net/,Webapp,Global environmental data map,Science / Climate,"Generative data, globe-based, scientific",Dark,Utility sans,Animated global weather globe,High,High,High,Live atmospheric and ocean data becomes a mesmerizing animated planetary interface,10.0,A,data-visualization|climate|globe|map|generative|interactive,Active,2026-08-07,https://earth.nullschool.net/,Evergreen data-visualization reference
437,InfiniteSpecies,https://infinitespecies.com/,Webapp,Tree-of-life explorer,Science / Biology,"Infinite map, zoomable, data-driven",Light,Minimal sans,Continuous biological tree map,High,High,Medium,Millions of organisms form one continuous zoomable map from domains down to species,9.9,A,biology|data-visualization|zoom|map|interactive|science,Active,2026-08-07,https://infinitespecies.com/,Current interactive Tree of Life explorer
438,One Shared House,https://onesharedhouse.com/,Website,Interactive documentary,Architecture / Society,"Editorial documentary, illustrated, human",Light,Editorial sans,Interactive communal-living story,High,High,Medium,"Research, film, illustration, 3D and participation are woven into one documentary interface",9.9,A,documentary|architecture|interactive|storytelling|3d|editorial,Active,2026-08-07,https://onesharedhouse.com/,Anton & Irene interactive documentary
439,The Evolution of Trust,https://ncase.me/trust/,Webapp,Interactive explainer,Education / Systems,"Illustrated, game-like, explanatory",Light,Friendly sans,Playable trust simulations,High,High,Low,Complex game theory is learned by playing with the system instead of reading about it,10.0,A,interactive-explainer|game|education|systems|illustration,Active,2026-08-07,https://ncase.me/trust/,Interaction-design classic by Nicky Case
440,The Deep Sea,https://neal.fun/deep-sea/,Webapp,Interactive scale story,Science / Education,"Vertical scale, illustrated, discovery-led",Dark,Simple sans,Endless deep-ocean scroll,Medium,High,Low,A single long scroll turns ocean depth into an intuitive physical sense of scale,9.9,A,scroll|science|ocean|scale|interactive|illustration,Active,2026-08-07,https://neal.fun/deep-sea/,Neal.fun visual explainer
441,The Size of Space,https://neal.fun/size-of-space/,Webapp,Interactive scale visualization,Science / Space,"Spatial scale, illustrated, minimal",Dark,Simple sans,Zoomable cosmic scale sequence,Medium,High,Low,Relative scale becomes understandable by physically moving through objects from tiny to cosmic,9.8,A,space|scale|visualization|interactive|education,Active,2026-08-07,https://neal.fun/size-of-space/,Neal.fun visual explainer
442,Space Elevator,https://neal.fun/space-elevator/,Webapp,Interactive vertical journey,Science / Space,"Long-scroll, playful, educational",Dark,Simple sans,Scrollable Earth-to-space elevator,Medium,High,Low,A playful vertical journey maps real altitude landmarks from sea level into space,9.8,A,space|scroll|scale|interactive|education,Active,2026-08-07,https://neal.fun/space-elevator/,Neal.fun visual explainer
443,Internet Artifacts,https://neal.fun/internet-artifacts/,Webapp,Interactive digital-history archive,Technology / Culture,"Retro-web, archival, playful",Mixed,Era-specific web typography,Chronological interactive artifact archive,Medium,High,Low,"Internet history is reconstructed through tactile replicas of interfaces, sites and digital objects",10.0,A,internet-history|archive|retro|interactive|culture,Active,2026-08-07,https://neal.fun/internet-artifacts/,Neal.fun digital-history experience
444,Wonders of Street View,https://neal.fun/wonders-of-street-view/,Webapp,Interactive geographic discovery,Travel / Culture,"Street-view, serendipitous, minimal",Light,Simple sans,Curated Street View discovery,Medium,High,Medium,"Turns Street View into a fast, surprising visual discovery machine",9.7,A,street-view|travel|discovery|interactive|map,Active,2026-08-07,https://neal.fun/wonders-of-street-view/,Neal.fun exploration experience
445,Infinite Craft,https://neal.fun/infinite-craft/,Webapp,Generative discovery game,Entertainment / AI,"Minimal, combinatorial, infinite, playful",Light,Simple sans,Element-combination workspace,Low,High,Low,A tiny interface supports near-endless emergent discovery through generative combinations,9.8,A,generative|game|ai|discovery|minimal|interactive,Active,2026-08-07,https://neal.fun/infinite-craft/,Neal.fun generative interaction reference
446,"Quick, Draw!",https://quickdraw.withgoogle.com/,Webapp,AI drawing game,AI / Creative,"Playful, sketch-based, fast, minimal",Light,Friendly sans,Timed AI drawing canvas,High,High,Low,The interaction is instantly understood: draw quickly while a neural network guesses in real time,9.8,A,ai|drawing|game|interactive|creative|playful,Active,2026-08-07,https://quickdraw.withgoogle.com/,Google Creative Lab experiment
447,Patatap,https://patatap.com/,Webapp,Audiovisual instrument,Music / Creative,"Abstract, audiovisual, keyboard-driven",Mixed,Minimal sans,Full-screen audiovisual canvas,High,High,Medium,"Every key press becomes synchronized sound and abstract animation, turning the browser into an instrument",10.0,A,audio|music|animation|interactive|generative|creative,Active,2026-08-07,https://patatap.com/,Classic audiovisual browser experience
448,Silk — Interactive Generative Art,https://weavesilk.com/,Webapp,Generative drawing,Creative / Generative Art,"Luminous, symmetric, meditative, generative",Dark,Minimal sans,Full-screen generative drawing canvas,High,High,Medium,Simple gestures produce luminous symmetric compositions with immediate visual payoff,9.8,A,generative-art|drawing|interactive|visual|meditative,Active,2026-08-07,https://weavesilk.com/,Evergreen generative-art reference
449,Blob Opera,https://artsandculture.google.com/experiment/blob-opera/AAHWrq360NcGbw?hl=en,Webapp,AI music experiment,AI / Arts & Culture,"Characterful, playful, musical, 3D",Mixed,Friendly sans,Interactive singing characters,High,High,Medium,Four elastic characters make machine-learning-driven opera immediately playful and visual,9.9,A,ai|music|3d|characters|interactive|playful,Active,2026-08-07,https://artsandculture.google.com/experiment/blob-opera/AAHWrq360NcGbw?hl=en,Google Arts & Culture experiment by David Li
450,NASA Eyes on Exoplanets,https://eyes.nasa.gov/apps/exo/,Webapp,Interactive exoplanet explorer,Science / Space,"Scientific, cosmic, spatial, real-time 3D",Dark,Technical sans,3D exoplanetary systems explorer,High,High,High,Thousands of discovered worlds become navigable spatial objects backed by NASA data,10.0,A,space|nasa|3d|data-visualization|interactive|science,Active,2026-08-07,https://eyes.nasa.gov/apps/exo/,NASA/JPL 3D interactive explorer
451,Phantom.Land,https://www.phantom.land/,Website,Creative technology studio,Creative Services,"Immersive, technical, art-directed, WebGL-aware",Dark,Large contemporary sans,Interactive studio world,High,Low,High,A studio homepage built more like a digital experience than a conventional agency portfolio,9.9,A,studio|webgl|interactive|art-direction|motion,Active,2026-08-07,https://www.phantom.land/,2026 Webby nominee for Best Home Page and Visual Design
452,Aether 1,https://aether1.ai/,Website,Concept product launch,Technology / Audio,"Futuristic product cinema, liquid 3D, AI-assisted",Dark,Modern sans,3D earbuds / interactive product launch,High,Medium,High,"A fictional audio product becomes a polished launch experience combining WebGL, sound and AI",10.0,A,3d|webgl|audio|product-launch|ai|cinematic,Active,2026-08-07,https://aether1.ai/,2026 Webby winner/honoree; Awwwards SOTD
453,Jesko Jets,https://jeskojets.com/,Website,Luxury aviation,Travel / Luxury,"Cinematic luxury, airy motion, full-screen aviation",Dark,Refined sans,Full-screen aircraft motion,High,Medium,Medium,"The sensation of flight is translated into elegant motion, scale and whitespace",9.8,A,luxury|aviation|cinematic|motion|fullscreen,Active,2026-08-07,https://jeskojets.com/,2026 Webby People's Voice winner; Awwwards SOTD
454,++hellohello,https://www.hellohello.is/,Website,Creative studio,Creative Services,"Playful, typographic, kinetic, character-led",Mixed,Expressive display sans,Animated studio identity,High,Low,Medium,"A strong example of a studio turning personality, typography and movement into the interface itself",9.7,A,studio|typography|motion|playful|interactive,Active,2026-08-07,https://www.hellohello.is/,Awwwards-recognized studio site
455,Kriss.ai,https://kriss.ai/,Website,AI brand experience,AI / Technology,"Humanistic AI, surreal, editorial, motion-rich",Mixed,Large editorial sans,AI narrative / visual storytelling,High,Medium,Medium,Avoids generic AI aesthetics through unusual imagery and a more emotional visual language,9.8,A,ai|editorial|surreal|motion|storytelling,Active,2026-08-07,https://kriss.ai/,Awwwards Site of the Month 2024
456,Zentry,https://zentry.com/,Website,Gaming / metagame platform,Gaming / Technology,"Game-world, cinematic, maximal, 3D",Dark,Game-inspired display sans,Interactive gaming universe,High,High,High,A brand website that behaves like the entrance to a game universe,10.0,A,gaming|3d|webgl|cinematic|maximal|interactive,Active,2026-08-07,https://zentry.com/,Awwwards Site of the Month-level work
457,Slosh Seltzer,https://sloshseltzer.com/,Website,Beverage commerce,Food & Beverage,"Loud, colorful, animated, characterful",Mixed,Chunky expressive display type,Animated beverage brand world,High,Low,Medium,"Packaging graphics, humor and motion create a deliberately excessive beverage experience",9.8,A,beverage|colorful|motion|branding|playful,Active,2026-08-07,https://sloshseltzer.com/,Awwwards-recognized case study
458,Akaru,https://www.akaru.fr/,Website,Creative studio,Creative Services,"Graphic, typographic, minimal-to-expressive",Mixed,Expressive grotesk,Identity-led studio portfolio,High,Low,Medium,A disciplined graphic system that becomes increasingly expressive through interaction,9.8,A,studio|typography|graphic|motion|identity,Active,2026-08-07,https://www.akaru.fr/,Awwwards Site of the Month 2024
459,ARCHIDOMO,https://archidomo.fr/,Website,Architecture / spatial design,Architecture,"Architectural, editorial, spatial, monochrome",Light,Modern sans,Architecture-led project experience,High,Low,Medium,Architecture imagery and spatial transitions create a gallery-like browsing rhythm,9.7,A,architecture|editorial|spatial|portfolio|motion,Active,2026-08-07,https://archidomo.fr/,Strong contemporary architecture reference
460,Studio Namma,https://studionamma.com/,Website,Creative studio,Creative Services,"Bold editorial, fashion-aware, graphic",Mixed,Large display sans,Art-directed portfolio,High,Low,Medium,Projects are staged with strong type/image tension rather than a repetitive case-study template,9.7,A,studio|editorial|graphic|fashion|motion,Active,2026-08-07,https://studionamma.com/,2026 award-gallery reference
461,Charmer Studio,https://www.charmerstudio.com/,Website,Creative studio,Creative Services,"Polished editorial, warm, typographic",Light,Editorial serif + sans,Case-study editorial system,Medium,Low,Low,"A refined studio reference for typography, whitespace and art-directed case-study pacing",9.6,A,studio|editorial|typography|branding|portfolio,Active,2026-08-07,https://www.charmerstudio.com/,2026 CSSDA reference
462,Manet Creative,https://manet.agency/,Website,Creative agency,Creative Services,"High-contrast, kinetic, contemporary",Mixed,Bold modern sans,Animated agency portfolio,High,Low,Medium,Strong transitions and visual tempo make the agency feel much more like a media object,9.7,A,agency|motion|bold|portfolio|interactive,Active,2026-08-07,https://manet.agency/,2026 CSSDA reference
463,Metajive,https://www.metajive.com/,Website,Digital studio,Creative Services,"Experimental digital, playful, interaction-led",Mixed,Expressive sans,Interactive project showcase,High,Low,Medium,A playful creative-development portfolio with strong interaction craft and unusual pacing,9.7,A,studio|interactive|experimental|motion|portfolio,Active,2026-08-07,https://www.metajive.com/,Award-winning digital studio
464,Norgram,https://www.norgram.co/,Website,Design studio,Creative Services,"Swiss-modern, editorial, restrained",Light,Refined grotesk,Minimal project archive,Medium,Low,Low,"Exceptional restraint: grid, whitespace and typography do nearly all the visual work",9.7,A,studio|swiss|minimal|editorial|typography,Active,2026-08-07,https://www.norgram.co/,2026 Webby honoree
465,Mission Control,https://missioncontrol.co/,Website,Brand / design studio,Creative Services,"Bold, high-impact, identity-led",Mixed,Large display sans,Brand-led home page,High,Low,Medium,A highly composed homepage where branding and visual rhythm are treated as the primary product,9.7,A,branding|studio|homepage|motion|typography,Active,2026-08-07,https://missioncontrol.co/,2026 Webby Best Home Page nominee
466,Playdate,https://play.date/,Website,Handheld gaming product,Gaming / Hardware,"Playful yellow, industrial, toy-like",Light,Friendly geometric sans,Rotating handheld / crank demos,High,Medium,Medium,"The product's physical crank, color and personality drive the entire digital identity",10.0,A,hardware|gaming|playful|product|industrial|motion,Active,2026-08-07,https://play.date/,
467,Panic,https://panic.com/,Website,Software / hardware studio,Technology / Creative Tools,"Playful, eccentric, product-led",Mixed,Friendly sans,Product universe / illustrations,Medium,Medium,Low,A technology company site with unusually consistent humor and visual personality,9.7,A,technology|playful|illustration|products|branding,Active,2026-08-07,https://panic.com/,
468,Analogue,https://www.analogue.co/,Website,Premium gaming hardware,Gaming / Hardware,"Industrial minimal, luxury-tech, cinematic",Dark,Minimal modern sans,Console renders / material details,High,Low,High,Retro-gaming hardware is treated like precision industrial sculpture,9.9,A,gaming|hardware|industrial|minimal|3d|premium,Active,2026-08-07,https://www.analogue.co/,
469,Rabbit,https://www.rabbit.tech/,Website,AI consumer hardware,AI / Hardware,"Bright minimal, product-first, playful",Light,Modern sans,Orange device / interaction story,High,Medium,Medium,"A tiny AI device is given a strong, instantly recognizable visual world",9.7,A,ai|hardware|product|bright|minimal|motion,Active,2026-08-07,https://www.rabbit.tech/,
470,Cowboy,https://cowboy.com/,Website,Electric bicycle,Mobility / Technology,"Urban premium, cinematic, product-led",Mixed,Modern sans,Bike film / interactive product story,High,Medium,Medium,Mobility hardware is presented with fashion-level photography and polished motion,9.7,A,mobility|bike|product|cinematic|premium|motion,Active,2026-08-07,https://cowboy.com/,
471,VanMoof,https://www.vanmoof.com/,Website,Electric bicycle,Mobility / Technology,"Minimal urban-tech, product-led",Light,Modern sans,E-bike product story,Medium,Medium,Low,Clean product presentation combines industrial detail with a distinctive urban brand voice,9.6,A,mobility|bike|minimal|product|technology,Active,2026-08-07,https://www.vanmoof.com/,
472,Nothing Phone (3),https://nothing.tech/pages/phone-3,Website,Smartphone product launch,Technology,"Monochrome tech, dot typography, industrial",Mixed,Dot-matrix + grotesk,Phone / Glyph product story,High,Medium,Medium,"The brand's graphic system is carried through hardware renders, typography and interface details",9.8,A,smartphone|industrial|monochrome|product|typography|motion,Active,2026-08-07,https://nothing.tech/pages/phone-3,
473,Apple iPhone,https://www.apple.com/iphone/,Website,Smartphone product experience,Technology,"Cinematic, product-first, ultra-polished",Mixed,SF Pro,Full-screen device story,High,Medium,High,"A benchmark for large-scale product imagery, sequencing and scroll-based feature storytelling",9.9,A,smartphone|product|cinematic|3d|motion|technology,Active,2026-08-07,https://www.apple.com/iphone/,
474,Apple Watch Ultra 2,https://www.apple.com/apple-watch-ultra-2/,Website,Wearable product microsite,Technology / Sports,"Rugged cinematic, macro product, outdoors",Dark,SF Pro,Watch / environment feature journey,High,Medium,High,"Macro hardware, extreme environments and animated feature explanations create product theatre",9.9,A,wearable|product|cinematic|outdoor|3d|motion,Active,2026-08-07,https://www.apple.com/apple-watch-ultra-2/,
475,Apple iPad Pro,https://www.apple.com/ipad-pro/,Website,Tablet product microsite,Technology / Creative,"Black cinematic, thinness-led, creative",Dark,SF Pro,Ultra-thin device / creative workflows,High,Medium,High,"Scale, thinness and display quality are dramatized through precise animation and 3D imagery",9.9,A,tablet|creative|product|cinematic|3d|motion,Active,2026-08-07,https://www.apple.com/ipad-pro/,
476,Apple Mac Studio,https://www.apple.com/mac-studio/,Website,Desktop hardware,Technology / Creative,"Technical premium, product-led, restrained",Mixed,SF Pro,Desktop / performance narrative,High,Medium,Medium,Performance and industrial engineering are converted into a clean visual narrative,9.7,A,desktop|hardware|product|technical|motion,Active,2026-08-07,https://www.apple.com/mac-studio/,
477,Nintendo Switch 2,https://www.nintendo.com/us/gaming-systems/switch-2/,Website,Gaming hardware launch,Gaming,"Playful product, modular, colorful",Light,Nintendo sans,Console / gameplay feature story,High,Medium,Medium,Hardware functionality is explained with playful physicality and game-world energy,9.8,A,gaming|hardware|product|playful|motion,Active,2026-08-07,https://www.nintendo.com/us/gaming-systems/switch-2/,
478,Steam Deck,https://store.steampowered.com/steamdeck,Website,Gaming handheld,Gaming / Hardware,"Dark utilitarian gaming, product-led",Dark,Modern sans,Handheld / gameplay modules,Medium,Medium,Low,A dense technical product stays legible while retaining strong gaming character,9.5,A,gaming|hardware|dark|product|technical,Active,2026-08-07,https://store.steampowered.com/steamdeck,
479,DJI Avata 2,https://www.dji.com/avata-2,Website,FPV drone microsite,Technology / Imaging,"High-speed cinematic, technical, immersive",Dark,Modern sans,FPV flight / product film,High,Medium,High,"Flight footage, 3D hardware and scroll pacing communicate speed and immersion extremely well",9.9,A,drone|fpv|cinematic|3d|product|motion,Active,2026-08-07,https://www.dji.com/avata-2,
480,DJI Osmo Pocket 3,https://www.dji.com/osmo-pocket-3,Website,Camera product microsite,Technology / Imaging,"Cinematic creator-tech, product-led",Dark,Modern sans,Camera / filming scenarios,High,Medium,Medium,Real footage and animated product features make a complex camera immediately understandable,9.7,A,camera|creator|product|cinematic|motion,Active,2026-08-07,https://www.dji.com/osmo-pocket-3,
481,Oura Ring 4,https://ouraring.com/product/rings/oura-ring-4,Website,Wearable product microsite,Health / Technology,"Soft luxury, macro, health-tech",Mixed,Modern sans,Ring / sensor macro imagery,High,Medium,Medium,Tiny sensors and materials are staged like jewelry through premium macro visualization,9.8,A,wearable|health|luxury|product|macro|3d,Active,2026-08-07,https://ouraring.com/product/rings/oura-ring-4,
482,Teenage Engineering EP-133 K.O. II,https://teenage.engineering/products/ep-133,Website,Music hardware product page,Music Technology,"Industrial playful, tactile, utilitarian",Light,Technical sans,Sampler hardware / controls,Medium,Medium,Low,A dense physical interface is presented with near-perfect industrial-design personality,9.9,A,music|hardware|industrial|playful|product,Active,2026-08-07,https://teenage.engineering/products/ep-133,
483,Bang & Olufsen Beosound A5,https://www.bang-olufsen.com/en/us/speakers/beosound-a5,Website,Audio product microsite,Luxury / Audio,"Scandinavian luxury, tactile, material-led",Light,Refined sans,Speaker material / lifestyle imagery,Medium,Low,Medium,"Material, texture and acoustic product design receive furniture-level visual treatment",9.8,A,audio|luxury|scandinavian|product|materials,Active,2026-08-07,https://www.bang-olufsen.com/en/us/speakers/beosound-a5,
484,Vitra Eames Lounge Chair,https://www.vitra.com/en-us/product/eames-lounge-chair,Website,Furniture product story,Furniture / Design,"Modernist editorial, heritage, product-led",Light,Modern sans,Iconic chair / design history,Low,Low,Low,"An iconic object is supported by calm editorial design, history and material detail",9.6,A,furniture|modernist|editorial|product|heritage,Active,2026-08-07,https://www.vitra.com/en-us/product/eames-lounge-chair,
485,USM Haller,https://www.usm.com/en/home/products/usm-haller/,Website,Modular furniture system,Furniture / Industrial Design,"Swiss modular, geometric, systems-led",Light,Swiss sans,Modular furniture / configuration,Medium,Medium,Low,The digital layout mirrors the modular logic and geometric precision of the product itself,9.7,A,furniture|swiss|modular|systems|product,Active,2026-08-07,https://www.usm.com/en/home/products/usm-haller/,
486,Sony WH-1000XM6,https://electronics.sony.com/audio/headphones/headband/p/wh1000xm6-b,Website,Headphones product page,Technology / Audio,"Dark premium, technical, lifestyle-led",Dark,Modern sans,Headphones / acoustic feature story,Medium,Medium,Low,Technical audio features are balanced with polished lifestyle imagery and product detail,9.5,A,audio|headphones|product|technical|premium,Active,2026-08-07,https://electronics.sony.com/audio/headphones/headband/p/wh1000xm6-b,
487,Framework Laptop 13,https://frame.work/products/laptop13-diy-intel-ultra-1,Website,Modular laptop,Technology / Hardware,"Technical modular, transparent, repair-first",Light,Modern sans,Exploded / configurable laptop,Medium,Medium,Low,Repairability becomes a visual design language through exploded components and modular choices,9.6,A,laptop|modular|repairable|technical|product,Active,2026-08-07,https://frame.work/products/laptop13-diy-intel-ultra-1,
488,PlayStation Portal,https://www.playstation.com/en-us/accessories/playstation-portal-remote-player/,Website,Gaming accessory,Gaming / Hardware,"Dark gaming cinematic, product-led",Dark,Modern sans,Device / gameplay feature story,Medium,Medium,Low,"A strong reference for combining hardware photography, game imagery and premium motion",9.5,A,gaming|hardware|product|cinematic|dark,Active,2026-08-07,https://www.playstation.com/en-us/accessories/playstation-portal-remote-player/,
489,Razer Blade 16,https://www.razer.com/gaming-laptops/razer-blade-16,Website,Gaming laptop,Gaming / Hardware,"Dark neon, technical, performance-led",Dark,Geometric sans,Laptop / display / performance story,High,Medium,Medium,"High-performance hardware is dramatized through neon contrast, 3D renders and dense specs",9.6,A,gaming|laptop|dark|neon|product|3d,Active,2026-08-07,https://www.razer.com/gaming-laptops/razer-blade-16,
490,DJI Ronin 4D,https://www.dji.com/ronin-4d,Website,Cinema camera system,Film / Technology,"Cinematic engineering, technical, premium",Dark,Modern sans,Cinema rig / engineering story,High,Medium,High,A complex professional cinema system becomes a dramatic engineering narrative,9.8,A,camera|cinema|engineering|3d|product|motion,Active,2026-08-07,https://www.dji.com/ronin-4d,
491,WindowSwap,https://www.window-swap.com/,Webapp,Ambient visual exploration,Culture / Travel,"Minimal, ambient, video-first",Dark,Minimal sans,Random window video,Low,High,Low,A single simple idea turns strangers' windows around the world into a calm discovery interface,9.7,A,ambient|video|travel|discovery|minimal,Active,2026-08-07,https://www.window-swap.com/,
492,Incredibox,https://www.incredibox.com/,Webapp,Interactive music maker,Music / Creative,"Character-led, colorful, musical",Mixed,Illustrative display sans,Animated beatbox characters,High,High,Medium,Music composition becomes instantly understandable through draggable animated characters,10.0,A,music|characters|interactive|animation|playful,Active,2026-08-07,https://www.incredibox.com/,
493,Typatone,https://typatone.com/,Webapp,Generative typing instrument,Music / Typography,"Minimal, sound-reactive, typographic",Light,Monospace / system type,Typing-to-music canvas,High,High,Low,Every typed character becomes both sound and visual rhythm,9.8,A,typography|music|generative|interactive|minimal,Active,2026-08-07,https://typatone.com/,
494,Plink,https://plink.in/,Webapp,Collaborative music experiment,Music / Creative,"Abstract, colorful, multiplayer, sound-led",Dark,Minimal sans,Collaborative audiovisual instrument,High,High,Medium,Multiple visitors can improvise together through an abstract browser-based instrument,9.9,A,music|multiplayer|interactive|audio|abstract,Active,2026-08-07,https://plink.in/,
495,Musicmap,https://musicmap.info/,Webapp,Music genre visualization,Music / Data,"Dense diagrammatic, exploratory, map-like",Dark,Condensed sans,Interactive genre map,Medium,High,Low,Music history becomes a huge explorable taxonomy rather than a linear article,9.8,A,music|map|data-visualization|taxonomy|interactive,Active,2026-08-07,https://musicmap.info/,
496,Species in Pieces,https://www.species-in-pieces.com/,Website,Interactive conservation story,Climate / Art,"Polygonal, animated, emotional",Dark,Minimal sans,Animated polygon species,High,High,Medium,Thirty endangered species are reconstructed from shifting geometric fragments,10.0,A,conservation|polygon|animation|interactive|storytelling,Active,2026-08-07,https://www.species-in-pieces.com/,
497,The Scale of the Universe 2,https://htwins.net/scale2/,Webapp,Interactive scale visualization,Science / Education,"Illustrated, zoomable, scale-driven",Dark,Simple sans,Continuous scale slider,Medium,High,Low,A single zoom interaction connects subatomic scale to the observable universe,10.0,A,science|scale|zoom|interactive|education,Active,2026-08-07,https://htwins.net/scale2/,
498,Distance to Mars,https://www.distancetomars.com/,Website,Interactive scale story,Science / Space,"Long-scroll, minimal, scale-driven",Dark,Minimal sans,Earth-to-Mars scroll,Medium,High,Low,Physical scrolling makes the enormous distance to Mars intuitively understandable,9.8,A,space|scroll|scale|interactive|minimal,Active,2026-08-07,https://www.distancetomars.com/,
499,The True Size Of,https://thetruesize.com/,Webapp,Map projection explorer,Geography / Education,"Map-led, utilitarian, revelatory",Light,Simple sans,Drag-and-compare world map,Low,High,Low,Dragging countries across latitudes reveals how misleading familiar map projections can be,9.8,A,map|geography|interactive|education|data,Active,2026-08-07,https://thetruesize.com/,
500,The Internet Map,https://internet-map.net/,Webapp,Network visualization,Technology / Data,"Cosmic network, spatial, data-driven",Dark,Minimal sans,Zoomable website galaxy,Medium,High,Medium,Websites become planets in an enormous navigable network universe,9.9,A,internet|network|map|data-visualization|interactive,Active,2026-08-07,https://internet-map.net/,
501,Histography,https://histography.io/,Webapp,Interactive history timeline,History / Data,"Timeline-first, minimal, data-rich",Dark,Minimal sans,Zoomable historical timeline,Medium,High,Low,Billions of years of history become one smooth interactive time surface,9.9,A,history|timeline|data-visualization|interactive|minimal,Active,2026-08-07,https://histography.io/,
502,Smithsonian 3D,https://3d.si.edu/,Webapp,3D collection explorer,Museum / Culture,"Museum-grade, object-led, spatial",Dark,Modern sans,Interactive 3D artifacts,High,High,High,"Museum objects can be rotated, inspected and explored at a level impossible in a display case",10.0,A,museum|3d|artifacts|interactive|culture,Active,2026-08-07,https://3d.si.edu/,
503,Museum of the World,https://britishmuseum.withgoogle.com/,Webapp,Interactive museum timeline,Museum / Culture,"Constellation-like, timeline, spatial",Dark,Minimal sans,Interactive object/time network,High,High,Medium,"Human history becomes a spatial constellation of objects, eras and regions",10.0,A,museum|history|timeline|interactive|data-visualization,Active,2026-08-07,https://britishmuseum.withgoogle.com/,
504,The Hidden Worlds of the National Parks,https://artsandculture.withgoogle.com/en-us/national-parks-service,Website,Interactive nature documentary,Nature / Culture,"Cinematic, guided, immersive, audio-led",Dark,Editorial sans,Guided park exploration,High,High,Medium,"Rangers guide visitors through remote landscapes using 360° imagery, sound and interaction",10.0,A,nature|360|immersive|storytelling|interactive,Active,2026-08-07,https://artsandculture.withgoogle.com/en-us/national-parks-service,
505,Fabricius,https://artsandculture.google.com/experiment/fabricius/gwHX41Sm0N7-Dw,Webapp,AI hieroglyphics experiment,AI / Culture,"Educational, playful, artifact-led",Light,Friendly sans,Hieroglyph translation / drawing interface,High,High,Low,"Ancient writing becomes approachable through drawing, translation and machine learning",9.8,A,ai|history|language|interactive|education,Active,2026-08-07,https://artsandculture.google.com/experiment/fabricius/gwHX41Sm0N7-Dw,
506,Land Lines,https://lines.chromeexperiments.com/,Webapp,Satellite-image experiment,AI / Geography,"Gesture-led, satellite, generative",Dark,Minimal sans,Draw / drag satellite lines,High,High,Medium,A drawn line instantly finds matching shapes across Google Earth satellite imagery,10.0,A,satellite|gesture|machine-learning|interactive|generative,Active,2026-08-07,https://lines.chromeexperiments.com/,
507,Art Palette,https://artsexperiments.withgoogle.com/artpalette/colors,Webapp,Color / art discovery,Art / AI,"Color-led, visual, grid-based",Light,Minimal sans,Palette-to-artwork explorer,Medium,High,Low,A color palette becomes a search query across art history,9.8,A,art|color|palette|interactive|machine-learning,Active,2026-08-07,https://artsexperiments.withgoogle.com/artpalette/colors,
508,Draw to Art,https://artsandculture.google.com/experiment/draw-to-art/fQEscU-dAXDayQ?hl=en,Webapp,Drawing-to-art experiment,Art / AI,"Sketch-led, playful, visual search",Light,Friendly sans,Drawing canvas / art matches,High,High,Low,A rough doodle becomes a bridge into museum collections via visual similarity,9.8,A,art|drawing|ai|interactive|visual-search,Active,2026-08-07,https://artsandculture.google.com/experiment/draw-to-art/fQEscU-dAXDayQ?hl=en,
509,FreddieMeter,https://experiments.withgoogle.com/freddiemeter,Webapp,AI singing experiment,Music / AI,"Performance-led, playful, audio-reactive",Dark,Bold sans,Live vocal analysis,High,High,Low,Real-time machine learning turns singing into a playful visual performance score,9.8,A,music|ai|voice|interactive|performance,Active,2026-08-07,https://experiments.withgoogle.com/freddiemeter,
510,LOOPY,https://ncase.me/loopy/,Webapp,Systems-thinking sandbox,Education / Systems,"Hand-drawn, playful, simulation-led",Light,Hand-drawn sans,Interactive causal-loop canvas,Medium,High,Low,Complex feedback systems can be drawn and simulated with almost no learning curve,10.0,A,systems|simulation|drawing|interactive|education,Active,2026-08-07,https://ncase.me/loopy/,
511,We Become What We Behold,https://ncase.itch.io/wbwwb,Webapp,Interactive media simulation,Culture / Education,"Minimal cartoon, game-like, provocative",Light,Simple sans,Playable media feedback loop,Medium,High,Low,A tiny game communicates media feedback loops more effectively than a long essay,9.9,A,game|media|simulation|interactive|storytelling,Active,2026-08-07,https://ncase.itch.io/wbwwb,
512,Parable of the Polygons,https://ncase.me/polygons/,Webapp,Interactive social explainer,Education / Society,"Illustrated, playful, simulation-driven",Light,Friendly sans,Drag-and-simulate neighborhood grid,Medium,High,Low,Direct manipulation makes emergent segregation patterns immediately understandable,10.0,A,simulation|society|interactive|education|illustration,Active,2026-08-07,https://ncase.me/polygons/,
513,Crowds,https://ncase.me/crowds/,Webapp,Interactive social-network explainer,Education / Society,"Illustrated, network-based, playful",Light,Friendly sans,Interactive social-network simulation,Medium,High,Low,Network structures and social influence are explained through playful direct manipulation,9.9,A,networks|simulation|interactive|education|society,Active,2026-08-07,https://ncase.me/crowds/,
514,The Password Game,https://neal.fun/password-game/,Webapp,Interactive comedy game,Entertainment,"Minimal UI, escalating absurdity",Light,Simple sans,Live password rules interface,Medium,High,Low,A familiar password field slowly mutates into an increasingly absurd interactive system,10.0,A,game|comedy|interface|interactive|concept,Active,2026-08-07,https://neal.fun/password-game/,
515,Asteroid Launcher,https://neal.fun/asteroid-launcher/,Webapp,Interactive impact simulator,Science / Entertainment,"Map-led, simulation-driven, playful",Dark,Simple sans,Map / asteroid impact controls,Medium,High,Low,"Choose an asteroid and impact point, then watch real-world geographic consequences unfold",9.9,A,map|simulation|science|interactive|playful,Active,2026-08-07,https://neal.fun/asteroid-launcher/,
516,Absurd Trolley Problems,https://neal.fun/absurd-trolley-problems/,Webapp,Interactive ethics game,Entertainment / Philosophy,"Illustrated, comedic, game-like",Light,Simple sans,Sequential moral-choice interface,Medium,High,Low,A philosophical thought experiment becomes a progressively stranger interactive comedy,9.8,A,game|philosophy|illustration|interactive|comedy,Active,2026-08-07,https://neal.fun/absurd-trolley-problems/,
517,Design the Next iPhone,https://neal.fun/design-the-next-iphone/,Webapp,Product-design toy,Design / Entertainment,"3D toy-like, playful, drag-and-drop",Light,Simple sans,Customizable 3D phone canvas,High,High,Medium,Users physically build absurd phone concepts by dragging parts onto a rotatable device,9.9,A,product-design|3d|playful|interactive|drag-drop,Active,2026-08-07,https://neal.fun/design-the-next-iphone/,
518,Perfect Circle,https://neal.fun/perfect-circle/,Webapp,Micro interaction challenge,Entertainment / Design,"Minimal, gesture-first, immediate",Light,Simple sans,Draw-a-circle canvas,Low,High,Low,An almost empty page becomes compelling through one precise gesture challenge,9.7,A,gesture|minimal|interactive|game|microinteraction,Active,2026-08-07,https://neal.fun/perfect-circle/,
519,Zoomquilt,https://zoomquilt.org/,Website,Infinite collaborative artwork,Art / Generative,"Surreal, infinite zoom, hypnotic",Dark,Minimal interface,Endless zooming artwork,High,Low,Medium,A continuous painted world creates the illusion of falling forever through nested scenes,10.0,A,art|infinite|zoom|surreal|immersive,Active,2026-08-07,https://zoomquilt.org/,
520,WebGL Fluid Simulation,https://paveldogreat.github.io/WebGL-Fluid-Simulation/,Webapp,Generative physics toy,Creative Technology,"Luminous, fluid, reactive, full-screen",Dark,No-content canvas,Interactive fluid simulation,High,High,High,Pointer gestures produce mesmerizing real-time fluid and color behavior directly in the browser,10.0,A,webgl|fluid|generative|interactive|creative-code,Active,2026-08-07,https://paveldogreat.github.io/WebGL-Fluid-Simulation/,
521,OEC World,https://oec.world/,Webapp,Economic data explorer,Data / Economics,"Data-dense, colorful, exploratory",Light,Modern sans,Global trade visualization dashboard,Medium,High,Low,Huge global trade datasets remain approachable through highly visual exploratory interfaces,9.8,A,data-visualization|economics|maps|interactive|dashboard,Active,2026-08-07,https://oec.world/,
522,Paper Planes,https://paperplanes.world/,Webapp,Global playful experiment,Creative / Culture,"Mobile-first, map-led, playful, tactile",Light,Friendly sans,Throw-and-catch paper planes,High,High,Medium,A physical throwing gesture connects strangers around the world through digital paper planes,9.9,A,playful|mobile|map|interactive|global,Active,2026-08-07,https://paperplanes.world/,
523,A Soft Murmur,https://asoftmurmur.com/,Webapp,Ambient sound mixer,Wellness / Audio,"Minimal, calm, sound-led",Dark,Minimal sans,Ambient sound controls,Low,High,Low,A restrained interface lets users compose atmosphere rather than music,9.6,A,audio|ambient|minimal|wellness|interactive,Active,2026-08-07,https://asoftmurmur.com/,
524,Morse,https://morse.withgoogle.com/learn/,Webapp,Accessible learning experience,Education / Accessibility,"Friendly, tactile, educational",Light,Google sans,Interactive Morse lessons,Medium,High,Low,"A communication system becomes approachable through sound, rhythm and simple interactive lessons",9.7,A,education|accessibility|sound|interactive|learning,Active,2026-08-07,https://morse.withgoogle.com/learn/,
525,Semi-Conductor,https://semiconductor.withgoogle.com/,Webapp,Gesture-controlled orchestra,Music / Creative Technology,"Camera-driven, expressive, musical",Dark,Minimal sans,Body-controlled orchestra,High,High,Medium,Computer vision turns body movement into a conductor interface for an orchestra,10.0,A,music|gesture|computer-vision|interactive|performance,Active,2026-08-07,https://semiconductor.withgoogle.com/,
526,Drive & Listen,https://driveandlisten.herokuapp.com/,Webapp,Virtual city driving,Travel / Audio,"Video-first, ambient, transportive",Dark,Minimal sans,Driving video + local radio,Low,High,Low,Street footage and local radio create a surprisingly convincing sense of visiting another city,9.7,A,travel|video|radio|ambient|interactive,Active,2026-08-07,https://driveandlisten.herokuapp.com/,
527,City Walks Live,https://citywalks.live/,Webapp,Virtual city walking,Travel / Culture,"Map-led, ambient, video-based",Dark,Minimal sans,City walk video interface,Low,High,Low,A simple city-selection interface becomes a portal into real-time-feeling street exploration,9.6,A,travel|video|city|ambient|discovery,Active,2026-08-07,https://citywalks.live/,
528,Windy,https://www.windy.com/,Webapp,Weather visualization,Science / Weather,"Animated geospatial data, high-density",Dark,Utility sans,Interactive weather map,High,High,Medium,Weather becomes a living animated surface with extraordinary information density,9.9,A,weather|map|data-visualization|animation|interactive,Active,2026-08-07,https://www.windy.com/,
529,Ventusky,https://www.ventusky.com/,Webapp,Weather visualization,Science / Weather,"Atmospheric, animated, map-led",Dark,Utility sans,Animated weather globe / map,High,High,Medium,"Wind, temperature and pressure patterns become visually legible through continuous motion",9.8,A,weather|map|data-visualization|interactive|animation,Active,2026-08-07,https://www.ventusky.com/,
530,Google Earth Timelapse,https://earthengine.google.com/timelapse/,Webapp,Planetary change visualization,Climate / Geography,"Satellite, time-based, global",Dark,Minimal sans,Zoomable satellite timelapse,High,High,Medium,Decades of planetary change are compressed into an explorable moving satellite map,10.0,A,satellite|climate|timelapse|map|data-visualization,Active,2026-08-07,https://earthengine.google.com/timelapse/,
531,Global Fishing Watch Map,https://globalfishingwatch.org/map/,Webapp,Ocean activity visualization,Climate / Data,"Map-led, scientific, temporal",Dark,Utility sans,Interactive vessel-activity map,Medium,High,Medium,Massive vessel datasets become visible as patterns of human activity across the oceans,9.8,A,ocean|map|data-visualization|climate|interactive,Active,2026-08-07,https://globalfishingwatch.org/map/,
532,The Pudding — Film Dialogue by Gender,https://pudding.cool/2017/03/film-dialogue/,Blog,Visual essay,Editorial / Data,"Scrollytelling, data-led, editorial",Light,Editorial sans,Interactive film-dialogue analysis,Medium,High,Low,Millions of screenplay lines become an accessible visual argument about representation,9.9,A,editorial|data-visualization|film|scrollytelling|interactive,Active,2026-08-07,https://pudding.cool/2017/03/film-dialogue/,
533,The Pudding — Population Mountains,https://pudding.cool/2018/12/3d-cities-story/,Blog,Visual essay,Editorial / Data,"3D data sculpture, scrollytelling, geographic",Light,Editorial sans,3D city population mountains,High,High,High,Population density is converted into physical-looking mountain forms that make cities intuitively comparable,10.0,A,editorial|3d|data-visualization|cities|scrollytelling,Active,2026-08-07,https://pudding.cool/2018/12/3d-cities-story/,
534,The Pudding — Most Hip-Hop Words,https://pudding.cool/2017/09/hip-hop-words/,Blog,Visual essay,Editorial / Music,"Data-led music editorial, exploratory",Light,Editorial sans,Interactive vocabulary exploration,Medium,High,Low,Language patterns become a visual way to explore what makes hip-hop vocabulary distinctive,9.8,A,editorial|music|data-visualization|interactive|culture,Active,2026-08-07,https://pudding.cool/2017/09/hip-hop-words/,
535,The Pudding — Women's Pockets,https://pudding.cool/2018/08/pockets/,Blog,Visual essay,Editorial / Fashion,"Illustrated data story, tactile, editorial",Light,Editorial sans,Life-size pocket comparisons,Medium,High,Low,"Physical clothing measurements are turned into playful, immediately legible visual comparisons",9.9,A,editorial|fashion|data-visualization|illustration|scrollytelling,Active,2026-08-07,https://pudding.cool/2018/08/pockets/,
536,The Pudding — Hamilton,https://pudding.cool/2017/03/hamilton/index.html,Blog,Interactive cultural analysis,Editorial / Culture,"Dialogue map, musical, data-led",Dark,Editorial sans,Interactive line / character visualization,Medium,High,Low,"Every line in Hamilton becomes a filterable visual map of characters, themes and conversations",9.8,A,editorial|music|data-visualization|interactive|culture,Active,2026-08-07,https://pudding.cool/2017/03/hamilton/index.html,
537,The Pudding — Climate Zones,https://pudding.cool/2024/06/climate-zones/,Blog,Climate visual essay,Editorial / Climate,"Climate data, city comparisons, scrollytelling",Light,Editorial sans,Future-city climate comparison,Medium,High,Low,Future climate change becomes relatable by mapping cities onto climates people already know,9.9,A,editorial|climate|data-visualization|cities|scrollytelling,Active,2026-08-07,https://pudding.cool/2024/06/climate-zones/,
538,Snow Fall — The New York Times,https://www.nytimes.com/projects/2012/snow-fall/index.html,Blog,Interactive long-form feature,Editorial / Journalism,"Cinematic long-form, multimedia, scroll-led",Light,Editorial serif + sans,Immersive avalanche narrative,High,Low,Medium,"A foundational reference for combining reporting, video, maps and scroll choreography into one story",10.0,A,journalism|longform|scrollytelling|cinematic|multimedia,Active,2026-08-07,https://www.nytimes.com/projects/2012/snow-fall/index.html,
539,Firestorm — The Guardian,https://www.theguardian.com/world/interactive/2013/may/26/firestorm-bushfire-dunalley-holmes-family,Blog,Interactive documentary,Editorial / Journalism,"Documentary, cinematic, image-led",Dark,Editorial sans,Multimedia bushfire narrative,High,Low,Medium,"Photography, video, sound and text are woven into a tightly controlled documentary experience",9.9,A,journalism|documentary|cinematic|multimedia|storytelling,Active,2026-08-07,https://www.theguardian.com/world/interactive/2013/may/26/firestorm-bushfire-dunalley-holmes-family,
540,Observable,https://observablehq.com/,Webapp,Interactive data / code platform,Data / Creative Technology,"Notebook-native, visual, exploratory",Light,Modern sans + mono,Live interactive data notebooks,Medium,High,Low,"Code, explanation and live visualization coexist as one editable information surface",9.7,A,data-visualization|code|interactive|notebook|creative-technology,Active,2026-08-07,https://observablehq.com/,
541,Polestar 4,https://www.polestar.com/us/polestar-4/,Website,Automotive product microsite,Automotive,"Scandinavian future-tech, cinematic, minimal",Light,Modern sans,Vehicle / technology story,High,Medium,Medium,Automotive technology is staged with unusually clean Scandinavian restraint,9.8,A,automotive|scandinavian|product|cinematic|minimal,Active,2026-08-07,https://www.polestar.com/us/polestar-4/,
542,Rivian R1S,https://rivian.com/r1s,Website,Automotive product microsite,Automotive / Outdoor,"Adventure editorial, premium, product-led",Light,Modern sans,Vehicle / landscape narrative,Medium,Medium,Low,Outdoor lifestyle imagery and clean product explanation create a warm EV identity,9.7,A,automotive|outdoor|product|editorial|premium,Active,2026-08-07,https://rivian.com/r1s,
543,Lotus Emeya,https://www.lotuscars.com/en-US/emeya,Website,Automotive product microsite,Automotive,"Performance luxury, dark, aerodynamic",Dark,Modern sans,Vehicle film / performance details,High,Medium,Medium,Speed and aerodynamic form are communicated through dark cinematic motion and detail shots,9.7,A,automotive|performance|luxury|cinematic|motion,Active,2026-08-07,https://www.lotuscars.com/en-US/emeya,
544,Porsche 911,https://www.porsche.com/usa/models/911/,Website,Automotive product experience,Automotive,"Performance heritage, cinematic, technical",Mixed,Modern sans,911 model / configurator story,High,Medium,Medium,A huge model family remains visually coherent through premium photography and precise technical hierarchy,9.8,A,automotive|heritage|product|cinematic|technical,Active,2026-08-07,https://www.porsche.com/usa/models/911/,
545,Ferrari F80,https://www.ferrari.com/en-US/auto/f80,Website,Hypercar product microsite,Automotive / Luxury,"Extreme performance, cinematic, futuristic",Dark,Bold modern sans,Hypercar film / engineering story,High,Medium,High,Motorsport engineering is treated as high-drama visual storytelling,9.9,A,automotive|hypercar|cinematic|engineering|3d|luxury,Active,2026-08-07,https://www.ferrari.com/en-US/auto/f80,
546,Lamborghini Revuelto,https://www.lamborghini.com/en-en/models/revuelto,Website,Supercar product microsite,Automotive / Luxury,"Angular future-tech, aggressive, 3D-rich",Dark,Geometric sans,Supercar / hybrid technology story,High,Medium,High,"Sharp geometry, renders and motion mirror the car's physical design language",9.8,A,automotive|supercar|3d|futuristic|motion|luxury,Active,2026-08-07,https://www.lamborghini.com/en-en/models/revuelto,
547,Rimowa Original,https://www.rimowa.com/us/en/luggage/colour/silver/cabin/92553004.html,Website,Luxury product page,Luxury / Industrial Design,"Industrial luxury, metallic, editorial",Light,Refined sans,Aluminum luggage / material imagery,Medium,Low,Low,The grooved aluminum object is treated like precision industrial design rather than ordinary luggage,9.7,A,luxury|industrial|travel|product|materials,Active,2026-08-07,https://www.rimowa.com/us/en/luggage/colour/silver/cabin/92553004.html,
548,Arc'teryx Veilance,https://arcteryx.com/us/en/c/mens/veilance,Website,Fashion / performance collection,Fashion / Technical Apparel,"Technical minimal, monochrome, architectural",Light,Modern sans,Technical apparel / editorial grid,Low,Low,Low,Performance clothing is framed with architectural restraint and premium fashion photography,9.6,A,fashion|technical|minimal|architectural|editorial,Active,2026-08-07,https://arcteryx.com/us/en/c/mens/veilance,
549,Salomon Advanced,https://www.salomon.com/en-us/shop/collection/advanced.html,Website,Experimental performance collection,Fashion / Sports,"Technical fashion, subcultural, product-led",Light,Technical sans,Advanced footwear / apparel grid,Medium,Low,Low,Performance products cross into fashion through strong material imagery and cultural positioning,9.6,A,fashion|sports|technical|footwear|product,Active,2026-08-07,https://www.salomon.com/en-us/shop/collection/advanced.html,
550,Gentle Monster BOLD,https://www.gentlemonster.com/us/shop/list/bold,Website,Eyewear collection,Luxury / Fashion,"Surreal luxury, futuristic, campaign-led",Mixed,Minimal sans,Surreal eyewear campaign / collection,High,Low,High,Eyewear commerce is wrapped in surreal visual-world building closer to digital art than retail,9.9,A,fashion|eyewear|surreal|luxury|3d|campaign,Active,2026-08-07,https://www.gentlemonster.com/us/shop/list/bold,
551,Ten Years Away,https://ten.375.studio,Website,Interactive studio retrospective,Creative Services,"Comic-like, kinetic, WebGL, narrative",Mixed,Expressive display sans,Interactive ten-year timeline,High,Low,High,A studio history told as a spatial interactive comic rather than a conventional archive,9.9,A,storytelling|webgl|3d|motion|archive|comic,Active,2026-08-07,https://ten.375.studio,"Awwwards SOTD, 2026"
552,Thorgal,https://thorgal.com,Website,Interactive graphic-novel experience,Publishing / Culture,"Illustrated, parallax, cinematic, sound-led",Dark,Editorial display type,Immersive illustrated saga,High,Low,High,"A classic comic universe is translated into layered parallax, sound and spatial storytelling",10.0,A,illustration|parallax|sound|webgl|storytelling|culture,Active,2026-08-07,https://thorgal.com,"Awwwards SOTD, 2026"
553,Shift 5,https://shift5.io,Website,Cybersecurity / infrastructure,Technology,"Dark technical, data-led, interactive",Dark,Modern technical sans,Interactive system / data visualization,High,Medium,Medium,Technical infrastructure is explained through polished interactive systems and data motion,9.7,A,technology|data-visualization|interactive|dark|motion,Active,2026-08-07,https://shift5.io,"Awwwards SOTD, 2026"
554,Podium,https://podium.global,Website,Creative / talent platform,Creative Services,"Bold editorial, 3D-accented, one-page",Mixed,Large contemporary sans,3D sculptural hero / footer,High,Low,High,A compact one-page structure gains depth through sculptural 3D and strong typographic rhythm,9.7,A,3d|typography|one-page|motion|creative,Active,2026-08-07,https://podium.global,"Awwwards SOTD, 2026"
555,Outfit,https://outfit.hellohello.is,Website,Design-led merchandise shop,Fashion / Creative,"Playful commerce, graphic, kinetic",Light,Bold graphic sans,Animated merchandise storefront,High,Medium,Low,E-commerce becomes an extension of a design studio's visual personality,9.7,A,commerce|fashion|graphic|motion|shopify|playful,Active,2026-08-07,https://outfit.hellohello.is,"Awwwards SOTD, 2026"
556,Nine To Five,https://www.9to5studio.it,Website,Creative studio,Creative Services,"Monochrome, refined, transition-led",Light,Modern grotesk,Editorial studio portfolio,High,Low,Medium,Monochrome restraint is offset by exceptionally polished navigation and project transitions,9.8,A,studio|monochrome|motion|portfolio|minimal,Active,2026-08-07,https://www.9to5studio.it,"Awwwards SOTD, 2026"
557,San Rita,https://sanrita.ca,Website,Hospitality / culture brand,Hospitality,"Warm, editorial, image-led, tactile",Light,Editorial serif + sans,Hospitality imagery / story,Medium,Low,Low,A warm visual language and strong image pacing create a distinct sense of place,9.6,A,hospitality|editorial|image-led|branding|warm,Active,2026-08-07,https://sanrita.ca,"Awwwards SOTD, 2026"
558,Sui,https://www.sui.io,Website,Blockchain platform,Technology / Web3,"Gradient-rich, spatial, product-led",Mixed,Modern sans,Animated network / product system,High,Medium,Medium,Gradient transitions and spatial UI make infrastructure feel unusually fluid and visual,9.7,A,web3|gradient|motion|interactive|technology,Active,2026-08-07,https://www.sui.io,"Awwwards SOTD, 2026"
559,Springs,https://springs.estate,Website,Real estate / place brand,Real Estate,"Water-inspired, elegant, spatial",Light,Refined sans,Water / map / gallery experience,High,Low,Medium,"Water effects, map animation and smooth galleries create a coherent environmental identity",9.8,A,real-estate|water|motion|map|gallery|spatial,Active,2026-08-07,https://springs.estate,"Awwwards SOTD, 2026"
560,Corentin Bernadou,https://corentinbernadou.com,Website,Creative developer portfolio,Creative Services,"Typographic, WebGL, experimental",Dark,Expressive sans,Interactive developer portfolio,High,Low,High,Code and visual design merge into a refined browser-native portfolio,9.9,A,portfolio|developer|webgl|typography|motion|experimental,Active,2026-08-07,https://corentinbernadou.com,"Awwwards SOTD, 2026"
561,ApeChain,https://apechain.com,Website,Blockchain ecosystem,Technology / Web3,"Colorful, maximal, 3D, playful",Mixed,Bold display sans,3D ecosystem world,High,Medium,High,"A blockchain brand avoids generic tech minimalism with a loud, characterful 3D universe",9.8,A,web3|3d|colorful|playful|webgl|interactive,Active,2026-08-07,https://apechain.com,"Awwwards SOTD, 2026"
562,Fourmula AI,https://fourmula.ai,Website,AI product,AI / Technology,"Clean futuristic, seamless, interactive",Mixed,Modern sans,AI narrative / interactive footer,High,Medium,Medium,Seamless scroll and responsive interface details create a polished future-product atmosphere,9.7,A,ai|futuristic|motion|interactive|product,Active,2026-08-07,https://fourmula.ai,"Awwwards SOTD, 2026"
563,Studio375,https://375.studio,Website,Creative studio,Creative Services,"Graphic, WebGL, image-trail, kinetic",Mixed,Bold sans,WebGL studio portfolio,High,Low,High,The portfolio uses image trails and a living WebGL background as core navigation language,9.8,A,studio|webgl|image-trail|motion|portfolio,Active,2026-08-07,https://375.studio,"Awwwards SOTD, 2026"
564,digitalists,https://digitalists.at,Website,Digital studio,Creative Services,"Shader-driven, dynamic, technical",Dark,Modern sans,Responsive shader / UI system,High,Low,High,Visual theming and shaders react dynamically to scrolling and content,10.0,A,studio|shader|webgl|motion|interactive|creative-code,Active,2026-08-07,https://digitalists.at,"Awwwards SOTD, 2026"
565,Vast,https://vastspace.com,Website,Space technology,Space / Technology,"Cinematic, spatial, premium, WebGL",Dark,Modern sans,Haven-1 station 3D experience,High,Medium,High,A future space station is explained as an explorable digital object with cinematic pacing,10.0,A,space|3d|webgl|cinematic|product|storytelling,Active,2026-08-07,https://vastspace.com,"Awwwards SOTD, 2026"
566,REF Digital,https://ref.digital,Website,Digital studio,Creative Services,"Minimal, mouse-responsive, WebGL",Mixed,Contemporary sans,Interactive studio canvas,High,Low,High,Mouse and scroll interactions make a clean studio identity feel tactile and spatial,9.8,A,studio|webgl|mouse-interaction|motion|minimal,Active,2026-08-07,https://ref.digital,"Awwwards SOTD, 2026"
567,FC Porto Memorial,https://memorial.fcporto.pt,Website,Sports heritage experience,Sports / Culture,"Cinematic, heritage, tunnel-like",Dark,Editorial sans,Immersive club-history journey,High,Low,Medium,Club history becomes a dramatic tunnel-like digital memorial rather than a static timeline,9.9,A,sports|heritage|storytelling|motion|cinematic,Active,2026-08-07,https://memorial.fcporto.pt,"Awwwards SOTD, 2026"
568,The Power of Storytelling,https://storytelling.noomoagency.com,Website,Creative showcase,Creative Services,"Crystal 3D, glass, reflective, cinematic",Dark,Minimal sans,3D crystalline story world,High,Low,High,"Glass, reflection and 3D objects turn a portfolio showcase into a visual narrative",10.0,A,3d|webgl|glass|cinematic|storytelling|studio,Active,2026-08-07,https://storytelling.noomoagency.com,"Awwwards SOTD, 2026"
569,Unseen Studio — 2025 Wrapped,https://2025.unseen.co,Website,Annual studio retrospective,Creative Services,"ASCII, liquid simulation, timeline, WebGL",Dark,Mono + modern sans,Interactive annual timeline,High,Low,High,An annual recap becomes a living timeline with ASCII liquid simulation and spatial effects,10.0,A,ascii|webgl|timeline|liquid|motion|experimental,Active,2026-08-07,https://2025.unseen.co,"Awwwards SOTD, 2026"
570,Artefakt,https://artefakt.mov,Website,Creative / motion portfolio,Creative Services,"3D gallery, ASCII, post-processed",Dark,Minimal sans,Spatial motion gallery,High,Low,High,A cinematic 3D gallery uses ASCII post-processing and image interaction as visual material,10.0,A,3d|ascii|gallery|webgl|motion|experimental,Active,2026-08-07,https://artefakt.mov,"Awwwards SOTD, 2026"
571,Sidewave,https://sidewave.it,Website,Creative studio,Creative Services,"Horizontal, spatial, 3D, game-influenced",Dark,Modern sans,Horizontal interactive portfolio,High,Low,High,Horizontal navigation and 3D elements create a distinctly non-document-like portfolio,9.9,A,studio|horizontal|3d|webgl|navigation|interactive,Active,2026-08-07,https://sidewave.it,"Awwwards SOTD, 2026"
572,Adovasio,https://adovasio.it,Website,Creative portfolio / studio,Creative Services,"Elegant, gallery-led, transition-rich",Light,Refined sans,Quick-navigation project gallery,High,Low,Medium,Project browsing is elevated through unusually elegant filtering and rapid navigation modes,9.7,A,portfolio|gallery|navigation|motion|elegant,Active,2026-08-07,https://adovasio.it,"Awwwards SOTD, 2026"
573,EverSwap,https://everswap.com,Website,Technology / Web3 product,Technology,"Sculptural 3D, narrative, futuristic",Dark,Modern sans,Interactive 3D product story,High,Medium,High,A technically complex product is wrapped in a highly sculptural 3D brand world,9.9,A,3d|webgl|technology|storytelling|futuristic,Active,2026-08-07,https://everswap.com,"Awwwards SOTD, 2026"
574,Happly,https://gethapply.com,Website,Consumer product / service,Consumer / Lifestyle,"Colorful, parallax, typographic",Light,Bold display sans,Animated lifestyle narrative,High,Medium,Low,Strong typography and parallax create a cheerful visual identity with real depth,9.7,A,colorful|parallax|typography|storytelling|motion,Active,2026-08-07,https://gethapply.com,"Awwwards SOTD, 2026"
575,The Agency of Love & Logic,https://loloagency.com,Website,Creative agency,Creative Services,"Bold, case-study driven, motion-rich",Mixed,Large display sans,Interactive agency portfolio,High,Low,Medium,Work menus and transitions create a polished editorial-campaign feel,9.8,A,agency|motion|case-study|typography|interactive,Active,2026-08-07,https://loloagency.com,"Awwwards SOTD, 2026"
576,Waabi,https://waabi.ai,Website,Autonomous driving AI,AI / Automotive,"Colorful technical, kinetic, friendly",Mixed,Bold modern sans,AI / autonomous-driving narrative,High,Medium,Medium,"Autonomy technology is made approachable with strong color, microinteractions and motion",9.8,A,ai|automotive|colorful|microinteraction|motion|technology,Active,2026-08-07,https://waabi.ai,"Awwwards SOTD, 2026"
577,Simon Holm Studio,https://www.simonholm.studio,Website,Creative portfolio,Creative Services,"Minimal, crafted, portfolio-led",Light,Refined sans,Design portfolio,Medium,Low,Low,A highly controlled personal portfolio where spacing and project imagery do most of the work,9.6,A,portfolio|minimal|studio|typography|design,Active,2026-08-07,https://www.simonholm.studio,"Awwwards SOTD, 2026"
578,Ashley Brooke,https://ashleybrookecs.com,Website,Creative / personal portfolio,Creative Services,"Editorial, playful, personal",Light,Editorial sans,Personal creative portfolio,Medium,Low,Low,Personal branding and editorial pacing create a distinctive non-corporate portfolio,9.6,A,portfolio|editorial|personal|creative|branding,Active,2026-08-07,https://ashleybrookecs.com,"Awwwards SOTD, 2026"
579,SOHub,https://sohub.digital,Website,Digital studio,Creative Services,"Playground-like, animated, unusual navigation",Mixed,Bold sans,Interactive service playground,High,Low,Medium,Services are explored through playful interactions rather than a conventional agency page stack,9.8,A,studio|playground|navigation|motion|interactive,Active,2026-08-07,https://sohub.digital,"Awwwards SOTD, 2026"
580,Vaulk,https://vaulk.com,Website,Digital / technology brand,Technology,"Wireframe 3D, pixel transitions, Rive",Dark,Modern sans,3D wireframe narrative,High,Medium,High,"Wireframes, pixel transitions and Rive animation produce a sharply technical visual identity",9.9,A,3d|wireframe|rive|pixel|motion|technology,Active,2026-08-07,https://vaulk.com,"Awwwards SOTD, 2026"
581,Damn Good Brands,https://damngoodbrands.com,Website,Brand studio,Creative Services,"Irreverent 3D, desktop UI, playful",Mixed,Bold display type,Interactive desktop / 3D objects,High,Low,High,"A paintball gun, Porsche and desktop metaphors turn the studio site into an interactive toy box",10.0,A,branding|3d|desktop-ui|playful|webgl|interactive,Active,2026-08-07,https://damngoodbrands.com,"Awwwards SOTD, 2026"
582,IRONHILL,https://ironhill.au,Website,Product / brand experience,Food & Beverage,"Illustrated, story-led, tactile",Mixed,Bold display sans,Illustrated product story,High,Low,Medium,Illustration and microinteractions make product storytelling feel crafted and characterful,9.7,A,illustration|storytelling|microinteraction|product|branding,Active,2026-08-07,https://ironhill.au,"Awwwards SOTD, 2026"
583,Lightweight,https://lightweight.info,Website,Creative technology / product,Technology,"3D-scroll, minimal, technical",Dark,Modern sans,Scroll-driven 3D object,High,Medium,High,A restrained interface is transformed by precise Three.js scroll choreography,9.8,A,3d|threejs|scroll|technical|minimal,Active,2026-08-07,https://lightweight.info,"Awwwards SOTD, 2026"
584,Neon Rated,https://neonrated.com,Website,Film studio / distributor,Film / Culture,"Film-first, fullscreen, cinematic",Dark,Bold cinematic sans,Fullscreen film / release imagery,High,Low,Medium,A film catalog becomes a confident full-screen cinematic browsing experience,9.8,A,film|cinematic|fullscreen|motion|culture,Active,2026-08-07,https://neonrated.com,"Awwwards SOTD, 2026"
585,FOLLOW.ART,https://follow.art,Website,Art / culture platform,Arts & Culture,"Colorful, parallax, visual, WebGL",Mixed,Bold contemporary sans,Interactive art-story platform,High,Medium,High,"Art discovery is made playful through color, parallax and browser-native visual effects",9.8,A,art|colorful|parallax|webgl|storytelling,Active,2026-08-07,https://follow.art,"Awwwards SOTD, 2026"
586,Sleep Well Creative,https://sleep-well-creatives.com,Website,Creative studio,Creative Services,"Tunnel-like, illustrated, immersive",Dark,Expressive display type,Immersive 3D tunnel,High,Low,High,A studio portfolio becomes a strange illustrated tunnel with strong depth and motion,10.0,A,studio|3d|webgl|illustration|immersive|experimental,Active,2026-08-07,https://sleep-well-creatives.com,"Awwwards SOTD, 2026"
587,Nfinite,https://www.nfinitenano.com,Website,Nanotechnology,Science / Technology,"Scientific future-tech, WebGL, data-led",Dark,Technical sans,Nano / data visualization narrative,High,Medium,High,Nanotechnology becomes legible through WebGL transitions and refined visualized data,9.8,A,science|nanotech|webgl|data-visualization|technology,Active,2026-08-07,https://www.nfinitenano.com,"Awwwards SOTD, 2026"
588,REJOUICE,https://www.rejouice.com,Website,Brand / digital studio,Creative Services,"Large-scale editorial, cinematic, product-minded",Mixed,Large contemporary sans,Case-study reel / brand work,High,Low,Medium,A high-confidence agency language combining cinematic imagery with strong product storytelling,9.8,A,studio|branding|cinematic|editorial|case-study,Active,2026-08-07,https://www.rejouice.com,
589,14islands,https://www.14islands.com,Website,Creative design & technology studio,Creative Services,"Interactive, tactile, playful, technically polished",Mixed,Modern sans,Interactive studio / project showcase,High,Low,High,Functional design and experimental interaction are balanced without becoming chaotic,9.9,A,studio|interactive|webgl|playful|technology,Active,2026-08-07,https://www.14islands.com,
590,Zajno,https://zajno.com,Website,Digital studio,Creative Services,"3D, motion-rich, graphic, contemporary",Mixed,Bold modern sans,Animated studio showcase,High,Low,High,"Branding, 3D and motion are staged with unusually high visual energy",9.8,A,studio|3d|motion|branding|portfolio,Active,2026-08-07,https://zajno.com,
591,Cuberto,https://cuberto.com,Website,Digital product agency,Creative Services,"Interaction-first, fluid, contemporary",Mixed,Modern grotesk,Interactive portfolio / cursor effects,High,Low,Medium,"A strong reference for fluid transitions, cursor interaction and modern digital-product art direction",9.8,A,studio|interactive|cursor|motion|product-design,Active,2026-08-07,https://cuberto.com,
592,Adoratorio,https://adoratorio.studio,Website,Creative studio,Creative Services,"Luxury interactive, 3D, fashion-led",Dark,Refined display sans,Interactive 3D portfolio,High,Low,High,"Luxury brand work, gamification and 3D experiences are presented as one coherent visual universe",9.9,A,studio|3d|luxury|fashion|interactive|webgl,Active,2026-08-07,https://adoratorio.studio,
593,Paper Tiger,https://www.papertiger.com,Website,Digital branding studio,Creative Services,"Tactile digital, motion-led, polished",Mixed,Modern sans,Interactive agency / case-study system,High,Low,Medium,Motion and interaction are used to make a polished agency site feel hand-crafted rather than templated,9.7,A,studio|branding|motion|interactive|case-study,Active,2026-08-07,https://www.papertiger.com,
594,Noomo Agency,https://noomoagency.com,Website,Digital experience studio,Creative Services,"Cinematic, 3D, experiential",Dark,Modern sans,Immersive studio showcase,High,Low,High,"A strong reference for combining high-end CG, storytelling and real-time digital experiences",9.8,A,studio|3d|cinematic|webgl|storytelling,Active,2026-08-07,https://noomoagency.com,
595,Cuchillo,https://cuchillo.design,Website,Design studio,Creative Services,"Editorial, minimalist, crafted",Light,Editorial sans,Project-led portfolio,Medium,Low,Low,"Restrained art direction with high sensitivity to typography, rhythm and imagery",9.6,A,studio|editorial|minimal|typography|portfolio,Active,2026-08-07,https://cuchillo.design,
596,Jomor Design,https://jomor.design,Website,Independent digital design,Creative Services,"Fluid, high-end, transition-led",Mixed,Large modern sans,Interactive personal portfolio,High,Low,Medium,Seamless transitions and precise pacing make the portfolio feel continuous rather than page-based,9.7,A,portfolio|motion|transitions|interactive|design,Active,2026-08-07,https://jomor.design,
597,Deux Huit Huit,https://deuxhuithuit.com,Website,Digital studio,Creative Services,"Typographic, editorial, interaction-led",Mixed,Expressive sans,Studio / project archive,High,Low,Medium,A sophisticated mix of editorial structure and playful interaction,9.7,A,studio|editorial|typography|interactive|motion,Active,2026-08-07,https://deuxhuithuit.com,
598,Gladeye,https://gladeye.com,Website,Digital experience studio,Creative Services,"Warm digital craft, storytelling, motion",Mixed,Modern sans,Project / case-study showcase,High,Low,Medium,Strong interaction craft without losing clarity or narrative structure,9.6,A,studio|storytelling|motion|interactive|digital,Active,2026-08-07,https://gladeye.com,
599,HLabs,https://www.hlabs.co.uk,Website,Interactive studio,Creative Services,"Editorial technology, immersive storytelling",Mixed,Editorial sans,Interactive editorial portfolio,High,Low,Medium,"A useful bridge between publishing, storytelling and technically ambitious interaction",9.7,A,studio|editorial|interactive|storytelling|technology,Active,2026-08-07,https://www.hlabs.co.uk,
600,Shadertoy,https://www.shadertoy.com,Webapp,Shader art platform,Creative Technology,"GPU-native, generative, experimental",Dark,Technical mono,Live shader gallery,High,High,High,Thousands of real-time shader worlds turn code into directly explorable visual art,10.0,A,shader|webgl|generative|creative-code|interactive,Active,2026-08-07,https://www.shadertoy.com,
601,Three.js Examples,https://threejs.org/examples/,Webapp,WebGL examples archive,Creative Technology,"Technical, spatial, experimental",Dark,Technical sans,3D/WebGL experiment gallery,High,High,High,A canonical catalog of browser-native 3D interaction patterns and rendering techniques,10.0,A,threejs|webgl|3d|creative-code|experiments,Active,2026-08-07,https://threejs.org/examples/,
602,WebGPU Samples,https://webgpu.github.io/webgpu-samples/,Webapp,WebGPU experiment archive,Creative Technology,"GPU-native, technical, future-facing",Dark,Technical mono,Live WebGPU demonstrations,High,High,High,A practical window into next-generation browser graphics and compute-driven visuals,9.9,A,webgpu|gpu|3d|creative-code|experiments,Active,2026-08-07,https://webgpu.github.io/webgpu-samples/,
603,Shader Park,https://shaderpark.com,Webapp,Procedural 3D shader tool,Creative Technology,"Code-sculptural, generative, 3D",Dark,Technical mono,Live procedural 3D canvas,High,High,High,SDF-based coding becomes a visual sculpting environment directly in the browser,10.0,A,shader|sdf|3d|generative|creative-code,Active,2026-08-07,https://shaderpark.com,
604,Vanta.js,https://www.vantajs.com,Webapp,Animated WebGL backgrounds,Creative Technology,"Ambient, generative, full-screen",Dark,Minimal sans,Interactive WebGL effects,High,High,High,A compact gallery of ambient real-time backgrounds that demonstrates how motion can shape atmosphere,9.7,A,webgl|background|generative|motion|interactive,Active,2026-08-07,https://www.vantajs.com,
605,p5.js Examples,https://p5js.org/examples/,Webapp,Creative coding examples,Creative Technology,"Playful, generative, educational",Light,Friendly sans + mono,Interactive coding sketches,Medium,High,Medium,A broad catalog of visual-computing ideas expressed as tiny editable sketches,9.8,A,p5js|creative-code|generative|interactive|education,Active,2026-08-07,https://p5js.org/examples/,
606,Paper.js Examples,http://paperjs.org/examples/,Webapp,Vector graphics experiments,Creative Technology,"Vector-native, interactive, geometric",Light,Simple sans,Interactive vector experiments,Medium,High,Low,Elegant vector and path experiments show how geometry itself can become interface material,9.7,A,vector|geometry|creative-code|interactive|animation,Active,2026-08-07,http://paperjs.org/examples/,
607,Generative.fm,https://generative.fm,Webapp,Generative music platform,Music / Creative Technology,"Ambient, minimal, procedural",Dark,Minimal sans,Generative audio player,Low,High,Low,Algorithmic music is presented as an endless calm listening environment rather than a playlist,9.8,A,music|generative|ambient|audio|interactive,Active,2026-08-07,https://generative.fm,
608,Thisissand,https://thisissand.com,Webapp,Generative sand art,Creative / Generative Art,"Tactile, colorful, meditative",Dark,Minimal UI,Full-screen sand canvas,Medium,High,Low,A simple gesture turns the screen into layered colored sand with immediate tactile appeal,9.8,A,generative-art|drawing|color|tactile|interactive,Active,2026-08-07,https://thisissand.com,
609,Neon Flames,https://29a.ch/sandbox/2011/neonflames/,Webapp,Generative particle painter,Creative Technology,"Luminous, particle-based, painterly",Dark,No-content canvas,Full-screen particle painting,High,High,Medium,Pointer gestures create glowing nebula-like fields in real time,9.9,A,particles|generative|painting|interactive|creative-code,Active,2026-08-07,https://29a.ch/sandbox/2011/neonflames/,
610,WebGL Aquarium,https://webglsamples.org/aquarium/aquarium.html,Webapp,WebGL graphics demo,Creative Technology,"3D, simulation, benchmark-like",Dark,Utility sans,Interactive aquarium simulation,High,High,High,A classic browser benchmark that still demonstrates rich real-time scene composition and camera control,9.7,A,webgl|3d|simulation|creative-code|interactive,Active,2026-08-07,https://webglsamples.org/aquarium/aquarium.html,
611,Hakim El Hattab,https://hakim.se,Website,Creative developer portfolio,Creative Technology,"Experimental, interaction-first, playful",Dark,Minimal sans,Creative-code project archive,High,Low,Medium,A long-running reference for browser-native interaction experiments and playful UI mechanics,9.8,A,portfolio|creative-code|interactive|experimental|developer,Active,2026-08-07,https://hakim.se,
612,Inigo Quilez,https://iquilezles.org,Website,Shader / graphics archive,Creative Technology,"Technical, mathematical, generative",Dark,Technical sans + mono,Shader / graphics research archive,Medium,Low,High,"A foundational source for signed-distance fields, procedural graphics and shader-driven visual thinking",10.0,A,shader|sdf|graphics|generative|creative-code,Active,2026-08-07,https://iquilezles.org,
613,Chrome Experiments,https://experiments.withgoogle.com/collection/chrome,Webapp,Browser experiment archive,Creative Technology,"Experimental, eclectic, browser-native",Light,Google sans,Interactive experiment gallery,High,High,High,A major archive of projects that treat the browser as a creative medium,9.9,A,chrome|experiments|interactive|creative-code|webgl,Active,2026-08-07,https://experiments.withgoogle.com/collection/chrome,
614,AI Experiments,https://experiments.withgoogle.com/collection/ai,Webapp,AI experiment archive,AI / Creative Technology,"Experimental, playful, machine-learning-led",Light,Google sans,Interactive AI experiment gallery,High,High,Medium,A broad collection of AI concepts made tangible through playful interaction rather than dashboards,9.9,A,ai|experiments|interactive|creative-code|machine-learning,Active,2026-08-07,https://experiments.withgoogle.com/collection/ai,
615,Teachable Machine,https://teachablemachine.withgoogle.com,Webapp,Machine-learning creative tool,AI / Education,"Friendly, immediate, camera-driven",Light,Google sans,Live model-training interface,High,High,Low,"Machine learning becomes understandable through direct manipulation, camera input and instant feedback",10.0,A,ai|machine-learning|camera|interactive|education,Active,2026-08-07,https://teachablemachine.withgoogle.com,
616,AutoDraw,https://www.autodraw.com,Webapp,AI-assisted drawing tool,AI / Creative,"Minimal, sketch-led, playful",Light,Friendly sans,Drawing canvas / AI suggestions,Medium,High,Low,"Rough gestures turn into polished pictograms through a tiny, intuitive interaction loop",9.8,A,ai|drawing|creative|interactive|minimal,Active,2026-08-07,https://www.autodraw.com,
617,Shared Piano,https://musiclab.chromeexperiments.com/Shared-Piano/,Webapp,Collaborative music instrument,Music / Creative,"Minimal, colorful, multiplayer",Light,Friendly sans,Shared piano roll,High,High,Low,A collaborative instrument makes remote musical interaction instantly visible,9.8,A,music|multiplayer|interactive|sound|creative,Active,2026-08-07,https://musiclab.chromeexperiments.com/Shared-Piano/,
618,Song Maker,https://musiclab.chromeexperiments.com/Song-Maker/,Webapp,Music composition experiment,Music / Education,"Grid-based, colorful, playful",Light,Friendly sans,Interactive note grid,Medium,High,Low,Composition becomes a visual grid anyone can understand in seconds,9.9,A,music|grid|interactive|education|colorful,Active,2026-08-07,https://musiclab.chromeexperiments.com/Song-Maker/,
619,Kandinsky,https://musiclab.chromeexperiments.com/Kandinsky/,Webapp,Drawing-to-sound experiment,Music / Creative,"Illustrated, sound-reactive, playful",Light,Friendly sans,Drawing / sound canvas,High,High,Low,"Sketches immediately become animated musical objects, fusing drawing and sound",9.9,A,music|drawing|sound|interactive|playful,Active,2026-08-07,https://musiclab.chromeexperiments.com/Kandinsky/,
620,Spectrogram,https://musiclab.chromeexperiments.com/Spectrogram/,Webapp,Sound visualization experiment,Music / Science,"Scientific, colorful, sound-reactive",Dark,Friendly sans,Live frequency visualization,High,High,Low,Sound becomes a highly legible visual surface through real-time frequency analysis,9.8,A,sound|data-visualization|music|interactive|science,Active,2026-08-07,https://musiclab.chromeexperiments.com/Spectrogram/,
621,Rhizome Net Art Anthology,https://anthology.rhizome.org,Blog,Digital art archive,Arts & Culture,"Archival, web-native, curatorial",Light,Editorial sans,Net-art archive / reconstructed works,Medium,Medium,Low,Internet art is preserved and contextualized as a living digital-history collection,9.9,A,net-art|archive|culture|digital-art|editorial,Active,2026-08-07,https://anthology.rhizome.org,
622,Whitney Artport,https://whitney.org/artport,Blog,Digital art portal,Arts & Culture,"Museum editorial, digital-native, experimental",Light,Editorial sans,Digital-art exhibition portal,Medium,Medium,Medium,A museum context that treats browser-native artworks as first-class exhibition objects,9.8,A,museum|digital-art|net-art|experimental|culture,Active,2026-08-07,https://whitney.org/artport,
623,New Art City,https://newart.city,Webapp,Virtual exhibition platform,Arts & Culture,"Spatial, user-built, 3D, gallery-led",Dark,Minimal sans,Navigable virtual exhibitions,High,High,High,Artists create and publish walkable browser-based exhibition spaces without a game engine,9.9,A,art|3d|virtual-gallery|webgl|interactive,Active,2026-08-07,https://newart.city,
624,Feral File,https://feralfile.com,Website,Digital art gallery,Arts & Culture,"Gallery-like, refined, digital-native",Dark,Refined sans,Curated digital-art exhibitions,Medium,Medium,Medium,Digital artworks are framed with the restraint and pacing of a premium physical gallery,9.8,A,digital-art|gallery|curation|minimal|culture,Active,2026-08-07,https://feralfile.com,
625,Art Blocks,https://www.artblocks.io,Webapp,Generative art platform,Arts & Culture,"Generative, gallery-led, algorithmic",Dark,Modern sans,Generative art collection browser,Medium,High,Medium,Code-generated artworks are treated as collectible visual systems rather than static images,9.8,A,generative-art|algorithmic|gallery|interactive|digital-art,Active,2026-08-07,https://www.artblocks.io,
626,fxhash,https://fxhash.xyz,Webapp,Generative art platform,Arts & Culture,"Experimental, generative, community-led",Dark,Modern sans,Generative art discovery grid,Medium,High,Medium,A broad community of generative systems makes the platform a constant source of visual experimentation,9.8,A,generative-art|community|algorithmic|interactive|digital-art,Active,2026-08-07,https://fxhash.xyz,
627,Verse,https://verse.works,Website,Digital art gallery,Arts & Culture,"Minimal, premium, curatorial",Light,Refined sans,Curated digital-art exhibitions,Low,Medium,Low,Exceptional restraint allows generative and digital artworks to remain the visual center,9.7,A,digital-art|gallery|minimal|curation|art,Active,2026-08-07,https://verse.works,
628,oncyber,https://oncyber.io,Webapp,3D virtual worlds,Arts & Culture / Web3,"Spatial, gallery-like, real-time 3D",Dark,Modern sans,Navigable 3D worlds,High,High,High,Users can enter browser-native 3D spaces as easily as opening a normal website,9.9,A,3d|virtual-world|webgl|gallery|interactive,Active,2026-08-07,https://oncyber.io,
629,Rijksstudio,https://www.rijksmuseum.nl/en/rijksstudio,Webapp,Museum collection explorer,Arts & Culture,"Museum editorial, image-rich, exploratory",Light,Editorial sans,Artwork collection / personal boards,Medium,High,Low,A vast museum collection becomes a visual discovery and remix environment,9.8,A,museum|art|archive|visual-search|interactive,Active,2026-08-07,https://www.rijksmuseum.nl/en/rijksstudio,
630,Wellcome Collection,https://wellcomecollection.org,Blog,Museum / cultural collection,Arts & Culture,"Editorial, humane, image-rich",Light,Editorial serif + sans,Stories / collection objects,Low,Medium,Low,"Medicine, culture and human experience are organized through excellent editorial design",9.6,A,museum|editorial|culture|archive|storytelling,Active,2026-08-07,https://wellcomecollection.org,
631,Eye Filmmuseum,https://www.eyefilm.nl/en,Website,Film museum,Film / Culture,"Cinematic editorial, image-led",Mixed,Editorial sans,Film / exhibition imagery,Medium,Low,Low,Film heritage and contemporary programming are held together by a strong cinematic identity,9.6,A,film|museum|editorial|cinematic|culture,Active,2026-08-07,https://www.eyefilm.nl/en,
632,Europeana,https://www.europeana.eu/en,Webapp,European cultural archive,Arts & Culture,"Collection-led, editorial, exploratory",Light,Modern sans,Cultural object search / exhibitions,Low,High,Low,Millions of cultural objects become searchable through a visually approachable archival interface,9.5,A,archive|culture|museum|search|editorial,Active,2026-08-07,https://www.europeana.eu/en,
633,EarthTime,https://earthtime.org,Webapp,Planetary data explorer,Climate / Data,"Map-led, temporal, scientific",Dark,Utility sans,Time-based Earth data map,High,High,Medium,Large environmental datasets become explorable as time-based planetary change,10.0,A,climate|map|timelapse|data-visualization|interactive,Active,2026-08-07,https://earthtime.org,
634,Show Your Stripes,https://showyourstripes.info,Website,Climate visualization,Climate / Data,"Ultra-minimal, color-only, data-driven",Light,Minimal sans,Climate warming stripes,Low,Medium,Low,Decades of climate data are compressed into a single instantly readable visual pattern,9.9,A,climate|data-visualization|color|minimal|science,Active,2026-08-07,https://showyourstripes.info,
635,Map of Life,https://mol.org,Webapp,Biodiversity mapping,Science / Biology,"Map-led, ecological, data-rich",Light,Utility sans,Species / biodiversity map,Medium,High,Low,Global biodiversity data becomes a layered geographic exploration tool,9.7,A,biology|map|data-visualization|science|interactive,Active,2026-08-07,https://mol.org,
636,Light Pollution Map,https://www.lightpollutionmap.info,Webapp,Environmental map,Science / Geography,"Dark, luminous, geospatial",Dark,Utility sans,Global light-pollution map,Medium,High,Low,Artificial light becomes a striking planetary visual layer and exploration interface,9.7,A,map|light|data-visualization|science|interactive,Active,2026-08-07,https://www.lightpollutionmap.info,
637,Spotify Loud & Clear,https://loudandclear.byspotify.com,Website,Music economics explainer,Music / Data,"Editorial data story, bold, interactive",Mixed,Bold Spotify sans,Interactive music-economics narrative,Medium,High,Low,"Creator economics are communicated with unusually polished charts, storytelling and visual rhythm",9.8,A,music|data-visualization|editorial|interactive|storytelling,Active,2026-08-07,https://loudandclear.byspotify.com,
638,Pinterest Predicts,https://business.pinterest.com/pinterest-predicts/,Website,Trend report experience,Culture / Data,"Trend-led, colorful, editorial",Mixed,Bold display sans,Interactive trend-report modules,Medium,Medium,Low,A corporate trend report is turned into a fashion/editorial discovery experience,9.7,A,trends|editorial|colorful|data|culture,Active,2026-08-07,https://business.pinterest.com/pinterest-predicts/,
639,Google Year in Search,https://trends.withgoogle.com/year-in-search/,Website,Annual cultural data story,Data / Culture,"Editorial data, emotional, visual",Mixed,Google sans,Annual search / cultural narrative,Medium,Medium,Low,Search data is translated into an annual cultural story with strong visual pacing,9.8,A,data|culture|editorial|storytelling|trends,Active,2026-08-07,https://trends.withgoogle.com/year-in-search/,
640,Climate TRACE,https://climatetrace.org,Webapp,Emissions data explorer,Climate / Data,"Map-driven, scientific, high-density",Dark,Modern sans,Global emissions map,Medium,High,Low,Planet-scale emissions become geographically searchable down to specific sources,9.9,A,climate|map|data-visualization|interactive|science,Active,2026-08-07,https://climatetrace.org,
641,Global Forest Watch,https://www.globalforestwatch.org,Webapp,Forest monitoring platform,Climate / Data,"Map-led, layered, environmental",Light,Modern sans,Interactive forest-change map,Medium,High,Low,Satellite and environmental data become a practical exploration interface for global forest change,9.8,A,climate|forest|map|data-visualization|interactive,Active,2026-08-07,https://www.globalforestwatch.org,
642,Coperni,https://coperni.com,Website,Fashion commerce,Luxury / Fashion,"Future-fashion, minimal, art-directed",Light,Modern sans,Campaign / collection world,Medium,Low,Medium,Technology-aware fashion art direction gives commerce a distinctly futuristic visual tone,9.7,A,fashion|futuristic|editorial|luxury|commerce,Active,2026-08-07,https://coperni.com,
643,Ottolinger,https://ottolinger.com,Website,Fashion commerce,Luxury / Fashion,"Raw experimental, subcultural, image-led",Light,Expressive sans,Collection / campaign imagery,Medium,Low,Low,A deliberately unconventional visual language avoids standard luxury-commerce polish,9.7,A,fashion|experimental|subculture|editorial|commerce,Active,2026-08-07,https://ottolinger.com,
644,Diesel,https://diesel.com,Website,Fashion commerce,Fashion / Culture,"Bold, provocative, campaign-heavy",Mixed,Bold display sans,Campaign / collection modules,Medium,Low,Low,"The brand's provocative visual identity carries through photography, copy and high-impact merchandising",9.6,A,fashion|bold|campaign|culture|commerce,Active,2026-08-07,https://diesel.com,
645,Palace Skateboards,https://www.palaceskateboards.com,Website,Streetwear / skate culture,Fashion / Culture,"Raw, utilitarian, subcultural",Light,Utilitarian sans,Drop / product interface,Low,Low,Low,A deliberately blunt interface reinforces rather than dilutes the brand's skate-culture identity,9.5,A,fashion|streetwear|skate|subculture|anti-design,Active,2026-08-07,https://www.palaceskateboards.com,
646,Kiko Kostadinov,https://kikokostadinov.com,Website,Fashion brand,Luxury / Fashion,"Conceptual, editorial, image-led",Light,Minimal sans,Collection / archive imagery,Low,Low,Low,Fashion imagery and unusual composition are allowed to carry most of the interface,9.7,A,fashion|conceptual|editorial|minimal|image-led,Active,2026-08-07,https://kikokostadinov.com,
647,Martine Rose,https://martine-rose.com,Website,Fashion brand,Fashion / Culture,"Subcultural editorial, bold, idiosyncratic",Mixed,Expressive sans,Campaign / product archive,Medium,Low,Low,A distinctive London fashion identity translates into an intentionally non-generic digital presence,9.7,A,fashion|subculture|editorial|bold|culture,Active,2026-08-07,https://martine-rose.com,
648,Devialet,https://www.devialet.com,Website,Luxury audio,Technology / Audio,"Sculptural luxury, glossy, acoustic-tech",Dark,Refined sans,Speaker / product cinema,High,Medium,High,Audio hardware is presented more like futuristic sculpture than consumer electronics,9.9,A,audio|luxury|sculptural|product|3d|technology,Active,2026-08-07,https://www.devialet.com,
649,Teenage Engineering OP-XY,https://teenage.engineering/products/op-xy,Website,Music hardware product page,Music Technology,"Industrial playful, dense, tactile",Light,Technical sans,Hardware / workflow storytelling,Medium,Medium,Low,A complex music workstation is made visually irresistible through precise industrial-design presentation,9.9,A,music|hardware|industrial|product|playful,Active,2026-08-07,https://teenage.engineering/products/op-xy,
650,Ableton Move,https://www.ableton.com/en/move/,Website,Music hardware launch,Music Technology,"Product-led, tactile, creator-focused",Dark,Ableton sans,Music hardware / workflow story,High,Medium,Medium,"A compact music device is explained through real creative workflows, motion and strong product photography",9.8,A,music|hardware|product|motion|creative,Active,2026-08-07,https://www.ableton.com/en/move/,
651,Hearst Exhibit 2026,https://www.hollywoodexhibit2026.com,Website,Interactive photography exhibition,Editorial / Culture,"Paper-like WebGL, editorial, gallery-led",Light,Editorial serif + sans,Interactive photography exhibition,High,Low,High,Magazine photography is staged as a tactile browser exhibition with paper-like motion,9.9,A,editorial|photography|webgl|gallery|interactive|microsite,Active,2026-08-07,https://www.hollywoodexhibit2026.com,Awwwards SOTD 2026
652,Spotify Wrapped Party,https://wrapped-party.activetheory.dev,Webapp,Multiplayer music experience,Music / Entertainment,"Data-driven, playful, multiplayer, 3D",Mixed,Spotify-style sans,Multiplayer Wrapped party,High,High,High,Personal music data becomes a shared multiplayer party with rankings and visual awards,10.0,A,music|multiplayer|data|webgl|interactive|campaign,Active,2026-08-07,https://wrapped-party.activetheory.dev,Active Theory / Spotify experimental experience
653,Art Here 2025 — Shadows,https://artprize-shadows.com,Website,Virtual art exhibition,Arts & Culture,"Museum-like, immersive, 3D, sound-led",Dark,Refined sans,Interactive virtual exhibition,High,Low,High,A physical art exhibition becomes an atmospheric explorable 3D gallery,10.0,A,art|museum|3d|webgl|sound|virtual-exhibition,Active,2026-08-07,https://artprize-shadows.com,Awwwards SOTD 2026
654,The Spark,https://spark.thedigitalpanda.com,Website,Interactive 3D story,Creative Technology,"Narrative, spatial, technical, cinematic",Dark,Minimal sans,Interactive 3D landscape,High,Low,High,"A small digital story unfolds through a navigable spatial landscape, sound and cables",9.9,A,3d|webgl|storytelling|sound|cinematic|microsite,Active,2026-08-07,https://spark.thedigitalpanda.com,Awwwards SOTD 2026
655,The House of Wonders,https://150years.audemarspiguet.com,Website,Luxury anniversary experience,Luxury / Watches,"Playful luxury, interactive, archival, 3D",Mixed,Luxury serif + sans,150-year interactive house,High,Medium,High,Brand history becomes a house of interactive rooms instead of a linear timeline,10.0,A,luxury|watch|anniversary|3d|interactive|storytelling,Active,2026-08-07,https://150years.audemarspiguet.com,Audemars Piguet 150-year digital experience
656,Messenger by Abeto,https://messenger.abeto.co,Webapp,Interactive character experience,Creative / Entertainment,"Game-like, character-led, spatial",Mixed,Bold display sans,Character-driven interactive world,High,High,High,Navigation uses characters and NPC-like interactions rather than ordinary menus,9.9,A,game|characters|3d|interactive|unusual-navigation,Active,2026-08-07,https://messenger.abeto.co,Awwwards SOTD 2026
657,Paris by Emily,https://www.parisbyemily.com,Website,Interactive travel / culture experience,Travel / Culture,"Playful editorial, Parisian, discovery-led",Light,Editorial sans,Choose-your-experience city interface,High,Medium,Medium,The site turns Paris discovery into a playful personality-driven browsing experience,9.8,A,travel|editorial|interactive|discovery|culture|microsite,Active,2026-08-07,https://www.parisbyemily.com,Awwwards SOTD 2026
658,Der Baukasten,https://www.der-baukasten.com,Webapp,Interactive toy configurator,Product / Design,"Tactile 3D, modular, playful",Light,Modern sans,3D magnetic construction set,High,High,High,A physical magnetic toy becomes an interactive real-time 3D construction experience,10.0,A,toy|3d|shader|webgl|configurator|interactive,Active,2026-08-07,https://www.der-baukasten.com,Custom GLSL/WebGL product experience
659,OHZIVERSE,https://ohziverse.com,Website,Fantasy interactive world,Entertainment / Creative,"Fantasy, cinematic, explorable 3D",Dark,Fantasy display type,Navigable fantasy world,High,High,High,A browser site behaves like entering a fantasy universe rather than opening a webpage,10.0,A,fantasy|3d|webgl|game|immersive|interactive,Active,2026-08-07,https://ohziverse.com,Award-level real-time experience
660,Dynamic Infinity,https://dynamicinfinity.global.ntt,Website,Generative AI art experience,AI / Art,"Generative, futuristic, immersive",Dark,Minimal futuristic sans,AI-generated interactive artwork,High,Medium,High,AI and interaction generate a continuously changing visualization of future society,10.0,A,ai|generative-art|webgl|interactive|future|digital-art,Active,2026-08-07,https://dynamicinfinity.global.ntt,NTT interactive generative art project
661,Spatial Festival,https://spatial-festival.com,Website,Spatial audio festival experience,Music / Culture,"Sound-led, 3D, experimental, typographic",Dark,Experimental display sans,Spatial audio / 3D festival world,High,Low,High,"Spatial sound, GLSL visuals and festival identity merge into a browser-native experience",9.9,A,music|sound|3d|glsl|webgl|experimental,Active,2026-08-07,https://spatial-festival.com,Berlin spatial sound festival
662,LMI: The Vincent van Gogh Experience,https://elimar.lmigroupintl.com,Website,Interactive editorial feature,Arts & Culture,"Painterly, emotional, animated, editorial",Mixed,Editorial serif + sans,Interactive Van Gogh narrative,High,Low,Medium,"Art history is transformed into a moving, sensory editorial experience",10.0,A,art|van-gogh|editorial|animation|storytelling|microsite,Active,2026-08-07,https://elimar.lmigroupintl.com,4× Webby-recognized experience
663,Synthetic Theatre,https://www.synthetictheatre.com,Website,Digital art / theatre experience,Arts & Culture,"Synthetic, cinematic, motion-first",Dark,Experimental display sans,Animated digital theatre,High,Low,High,The entire page behaves like a continuously evolving stage set,10.0,A,digital-art|motion|webgl|theatre|experimental|interactive,Active,2026-08-07,https://www.synthetictheatre.com,Webby winner for visual design
664,Home of the Brave,https://homeofthebrave.longlead.com,Blog,Interactive editorial investigation,Editorial / Journalism,"Long-form, illustrated, multimedia, cinematic",Mixed,Editorial serif + sans,Interactive long-form feature,High,Medium,Low,"Journalism is layered with illustration, media and interaction instead of being a standard article",9.9,A,journalism|editorial|interactive|multimedia|storytelling,Active,2026-08-07,https://homeofthebrave.longlead.com,2025 Webby Winner
665,Intrusion Project — Radio Alice,https://intrusionproject.com,Website,Interactive activism / audio project,Culture / Activism,"Audio-led, archival, rebellious, experimental",Dark,Raw editorial type,Interactive pirate-radio story,High,Medium,Medium,Political history and sound are presented as an explorable pirate-radio environment,9.9,A,audio|activism|archive|interactive|culture|storytelling,Active,2026-08-07,https://intrusionproject.com,2026 Webby Winner
666,WWF Blue Corridors,https://bluecorridors.org,Webapp,Whale migration visualization,Climate / Data,"Oceanic, map-led, scientific, emotional",Dark,Modern sans,Interactive whale corridor globe/map,High,High,Medium,Migration data becomes a visual ocean journey connecting science and conservation,10.0,A,whales|climate|map|data-visualization|interactive|science,Active,2026-08-07,https://bluecorridors.org,2026 Webby Best Data Visualization
667,Searching for Birds,https://searchingforbirds.visualcinnamon.com,Website,Interactive data story,Nature / Data,"Elegant, data-driven, illustrated, exploratory",Light,Editorial sans,Interactive bird-search visualization,High,High,Low,"Data exploration feels poetic through movement, color and detailed visual storytelling",10.0,A,birds|data-visualization|interactive|nature|editorial,Active,2026-08-07,https://searchingforbirds.visualcinnamon.com,2026 Webby People's Voice
668,Energy Profits,https://energy-profits.org,Website,Interactive climate investigation,Climate / Data,"Investigative, data-led, dark, editorial",Dark,Editorial sans,Interactive fossil-fuel profit story,High,High,Low,Corporate climate data becomes a visually forceful investigative narrative,9.9,A,climate|data-visualization|editorial|interactive|investigation,Active,2026-08-07,https://energy-profits.org,Award-recognized climate data project
669,The Plotline,https://theplotline.org,Website,Interactive media-analysis experience,Culture / Data,"Editorial, data-led, story-driven",Mixed,Editorial sans,Interactive narrative / data interface,Medium,High,Low,Media narratives and cultural patterns become explorable instead of simply described,9.8,A,culture|data|editorial|interactive|storytelling,Active,2026-08-07,https://theplotline.org,Webby-recognized data/editorial experience
670,Google — Our AI Journey,https://ai.google/our-ai-journey/,Website,Interactive technology timeline,AI / Technology,"Historical, interactive, editorial, technical",Light,Google Sans,AI milestone timeline,High,Medium,Low,Decades of AI research are turned into an interactive visual timeline rather than a corporate history page,9.8,A,ai|timeline|interactive|history|technology|editorial,Active,2026-08-07,https://ai.google/our-ai-journey/,Google interactive AI history
671,Spotify — 10 Years of Wrapped,https://ourcasestudy.byspotify.com/wrapped-10year,Website,Interactive retrospective,Music / Data,"Data-rich, colorful, editorial, playful",Mixed,Spotify-style sans,Ten-year Wrapped visual story,High,Medium,Low,A decade of cultural data is turned into a highly visual retrospective,9.9,A,music|data|editorial|colorful|storytelling|retrospective,Active,2026-08-07,https://ourcasestudy.byspotify.com/wrapped-10year,Webby-recognized Spotify experience
672,Apple Music 100 Best Albums,https://100best.music.apple.com/us,Website,Music editorial experience,Music / Editorial,"Premium, album-art-led, cinematic",Dark,Apple sans,Top-100 album countdown,High,Medium,Medium,"Album art, motion and editorial hierarchy create a premium digital music publication",10.0,A,music|editorial|album-art|cinematic|interactive,Active,2026-08-07,https://100best.music.apple.com/us,Apple Music special experience
673,Teyana Taylor — Escape Room,https://www.teyanataylor.com/escaperoom/,Webapp,Interactive music campaign,Music / Entertainment,"Room-based, puzzle-like, cinematic",Dark,Bold display type,Interactive escape-room world,High,High,High,An album/artist campaign becomes a room-based digital game,10.0,A,music|game|escape-room|3d|interactive|campaign,Active,2026-08-07,https://www.teyanataylor.com/escaperoom/,Interactive artist launch experience
674,Taylor Swift — All the Stars Aligned,https://allthestarsaligned.com,Website,Interactive search / music campaign,Music / Culture,"Star-map, data-led, poetic",Dark,Refined display sans,Constellation-like interactive experience,High,Medium,Medium,Search history and songwriting are framed as an elegant constellation-like digital experience,9.9,A,music|data|constellation|interactive|campaign|storytelling,Active,2026-08-07,https://allthestarsaligned.com,Google/Taylor Swift search campaign
675,Half of the Journal,https://halfof8.com,Website,Net-art zine,Arts & Culture,"Net-art, zine-like, experimental, graphic",Mixed,Experimental editorial type,Interactive digital zine,High,Medium,Medium,"A publication behaves like net art, pushing beyond ordinary editorial scrolling",10.0,A,net-art|zine|experimental|editorial|interactive|digital-art,Active,2026-08-07,https://halfof8.com,2025 Webby Winner — NetArt
676,Into the Amazon,https://www.nationalgeographic.com/into-the-amazon/,Website,Interactive expedition story,Nature / Editorial,"Cinematic, scroll-driven, documentary, immersive",Dark,National Geographic editorial type,Amazon expedition journey,High,Medium,Medium,"A 4,000-mile scientific expedition becomes a cinematic scroll-based river journey",10.0,A,nature|documentary|scroll|interactive|cinematic|storytelling,Active,2026-08-07,https://www.nationalgeographic.com/into-the-amazon/,2025 Webby winner for moving image
677,Bear 71 VR,https://bear71vr.nfb.ca/,Webapp,Interactive VR documentary,Nature / Documentary,"Surveillance-grid, VR, eerie, spatial",Dark,Minimal technical sans,Interactive wildlife surveillance world,High,High,High,The viewer inhabits a surveillance network while hearing the tracked bear's story,10.0,A,documentary|vr|nature|surveillance|interactive|webgl,Active,2026-08-07,https://bear71vr.nfb.ca/,NFB interactive documentary
678,The Quipu Project,https://interactive.quipu-project.com/,Website,Interactive oral-history archive,Human Rights / Documentary,"Audio-led, archival, emotional, tactile",Dark,Editorial sans,Interactive testimony / knot archive,High,High,Low,"Phone-recorded testimonies become a tactile, explorable digital memorial",10.0,A,documentary|audio|archive|human-rights|interactive|storytelling,Active,2026-08-07,https://interactive.quipu-project.com/,Award-winning oral-history project
679,Apollo 11 in Real Time,https://apolloinrealtime.org/11/,Webapp,Real-time historical replay,Space / History,"Mission-control, archival, timeline-driven",Dark,Technical mono + sans,Synchronized mission dashboard,High,High,Low,Thousands of hours of media are synchronized into a second-by-second historical replay,10.0,A,space|history|timeline|audio|video|interactive,Active,2026-08-07,https://apolloinrealtime.org/11/,Apollo mission archive
680,Apollo 13 in Real Time,https://apolloinrealtime.org/13/,Webapp,Real-time historical replay,Space / History,"Mission-control, archival, suspenseful",Dark,Technical mono + sans,Synchronized mission dashboard,High,High,Low,"The failed lunar mission unfolds through synchronized telemetry, audio, images and transcripts",10.0,A,space|history|timeline|audio|interactive|archive,Active,2026-08-07,https://apolloinrealtime.org/13/,Apollo mission archive
681,Apollo 17 in Real Time,https://apolloinrealtime.org/17/,Webapp,Real-time historical replay,Space / History,"Mission-control, archival, documentary",Dark,Technical mono + sans,Synchronized mission dashboard,High,High,Low,The final Apollo lunar mission becomes an immersive time machine built from archival media,10.0,A,space|history|timeline|archive|interactive|audio,Active,2026-08-07,https://apolloinrealtime.org/17/,Apollo mission archive
682,Adventures With Anxiety,https://ncase.me/anxiety/,Webapp,Interactive story / game,Mental Health / Education,"Illustrated, narrative, playful, emotional",Light,Hand-drawn friendly type,Interactive dialogue game,Medium,High,Low,"You literally play as anxiety, making a complex emotional topic understandable through interaction",10.0,A,game|illustration|mental-health|storytelling|interactive,Active,2026-08-07,https://ncase.me/anxiety/,Nicky Case interactive story
683,To Build a Better Ballot,https://ncase.me/ballot/,Webapp,Interactive civic explainer,Education / Society,"Illustrated, simulation-led, playful",Light,Friendly sans,Playable voting simulations,Medium,High,Low,Voting systems become intuitive through direct manipulation instead of abstract explanation,9.9,A,simulation|civic|education|interactive|illustration,Active,2026-08-07,https://ncase.me/ballot/,Nicky Case explorable
684,Sight & Light,https://ncase.me/sight-and-light/,Webapp,Interactive optics explainer,Science / Education,"Geometric, simulation-led, minimal",Dark,Friendly sans,Interactive ray-casting simulation,High,High,Low,Lighting and line-of-sight concepts are learned by manipulating the geometry directly,9.9,A,science|simulation|geometry|interactive|education,Active,2026-08-07,https://ncase.me/sight-and-light/,Nicky Case explorable
685,Coming Out Simulator 2014,https://ncase.me/cos/,Webapp,Interactive autobiographical story,Culture / LGBTQ+,"Illustrated, dialogue-led, intimate",Light,Pixel / hand-drawn type,Interactive autobiographical conversation,Medium,High,Low,A deeply personal story is told through choice-driven dialogue rather than passive reading,9.9,A,storytelling|game|lgbtq|interactive|autobiographical,Active,2026-08-07,https://ncase.me/cos/,Nicky Case interactive narrative
686,The Refugee Project,https://www.refugeeproject.hyperakt.com/,Webapp,Interactive migration map,Human Rights / Data,"Map-led, temporal, editorial, data-rich",Dark,Editorial sans,Historical refugee flow map,Medium,High,Low,Decades of refugee movements become an explorable temporal map with narrative context,10.0,A,refugees|map|data-visualization|history|interactive,Active,2026-08-07,https://www.refugeeproject.hyperakt.com/,Hyperakt interactive data project
687,Clouds Over Cuba,https://cloudsovercuba.com/,Website,Interactive historical documentary,History / Documentary,"Cinematic, archival, timeline-based",Dark,Editorial serif + sans,Cuban Missile Crisis interactive documentary,High,High,Medium,Archival media and a branching timeline turn history into a tense interactive documentary,9.9,A,history|documentary|timeline|interactive|cinematic,Active,2026-08-07,https://cloudsovercuba.com/,JFK Library interactive documentary
688,The Johnny Cash Project,https://www.thejohnnycashproject.com/,Webapp,Crowdsourced music artwork,Music / Art,"Monochrome, hand-drawn, collaborative",Dark,Minimal sans,Crowdsourced animated portrait frames,High,High,Low,Thousands of individual drawings combine into a constantly evolving music video,10.0,A,music|crowdsourced|drawing|animation|interactive|art,Active,2026-08-07,https://www.thejohnnycashproject.com/,Chris Milk collaborative artwork
689,Cameron's World,https://www.cameronsworld.net/,Website,Internet-art collage,Digital Culture,"GeoCities maximalism, collage, animated",Mixed,Retro web typography,Infinite retro-web collage,High,Low,Low,A hand-built collage of archived GeoCities fragments becomes an overwhelming internet-art landscape,10.0,A,retro-web|collage|internet-art|maximal|archive,Active,2026-08-07,https://www.cameronsworld.net/,Internet-art classic
690,Windows 93,https://www.windows93.net/,Webapp,Browser operating-system artwork,Digital Culture,"Retro OS, absurdist, interactive",Mixed,Pixel/system typography,Fake desktop operating system,High,High,Low,"A parody operating system becomes an enormous playground of apps, jokes and browser experiments",10.0,A,retro|desktop-ui|internet-art|interactive|playful,Active,2026-08-07,https://www.windows93.net/,Browser-art classic
691,Webamp,https://webamp.org/,Webapp,Browser music-player recreation,Music / Digital Culture,"Skeuomorphic, retro, desktop UI",Mixed,Classic Winamp UI type,Fully interactive Winamp clone,Medium,High,Low,Classic desktop software is recreated with remarkable fidelity as a draggable browser interface,9.8,A,retro|skeuomorphic|music|desktop-ui|interactive,Active,2026-08-07,https://webamp.org/,Browser software recreation
692,EmuOS,https://emupedia.net/beta/emuos/,Webapp,Browser retro-computing environment,Digital Culture,"Desktop UI, nostalgic, software-archive",Mixed,System typography,Interactive retro desktop,Medium,High,Low,Old games and software are wrapped inside a convincingly nostalgic operating-system interface,9.8,A,retro|desktop-ui|archive|interactive|nostalgia,Active,2026-08-07,https://emupedia.net/beta/emuos/,Emupedia browser OS
693,ClickClickClick,https://clickclickclick.click/,Webapp,Interactive surveillance experiment,Digital Culture / Privacy,"Minimal, creepy, behavioral, audio-led",Light,System sans,Live behavioral tracking interface,Medium,High,Low,"The site narrates and judges nearly every action you take, making tracking behavior uncomfortably visible",10.0,A,privacy|surveillance|interaction|audio|conceptual,Active,2026-08-07,https://clickclickclick.click/,Interactive surveillance artwork
694,Listen to Wikipedia,https://listen.hatnote.com/,Webapp,Real-time data sonification,Data / Culture,"Ambient, generative, minimal",Dark,Minimal sans,Live Wikipedia edits as sound/particles,High,High,Low,"Wikipedia edits become a calm live composition of bells, strings and floating circles",10.0,A,data-sonification|wikipedia|generative|audio|interactive,Active,2026-08-07,https://listen.hatnote.com/,Real-time data art
695,Wikiverse,https://wikiverse.io/,Webapp,Wikipedia network explorer,Data / Culture,"Cosmic network, 3D, exploratory",Dark,Minimal sans,3D Wikipedia galaxy,High,High,High,Wikipedia links become a navigable universe of connected knowledge,10.0,A,wikipedia|network|3d|data-visualization|interactive,Active,2026-08-07,https://wikiverse.io/,Knowledge-network visualization
696,Every Noise at Once,https://everynoise.com/,Webapp,Music genre map,Music / Data,"Dense typographic map, color-coded, exploratory",Light,Tiny utility sans,Huge spatial genre map,Low,High,Low,Thousands of music genres are organized as one enormous spatial field you can explore and hear,9.8,A,music|taxonomy|map|data|interactive,Active,2026-08-07,https://everynoise.com/,Glenn McDonald music map
697,Ishkur's Guide to Electronic Music,https://music.ishkur.com/,Webapp,Interactive music-history map,Music / Culture,"Timeline, taxonomy, colorful, audio-rich",Dark,Utility sans,Interactive genre genealogy,Medium,High,Low,Electronic music history becomes an enormous branching map filled with playable examples,10.0,A,music|timeline|taxonomy|audio|interactive|culture,Active,2026-08-07,https://music.ishkur.com/,Interactive electronic-music history
698,Radio Aporee ::: Maps,https://aporee.org/maps/,Webapp,Global sound map,Audio / Culture,"Map-led, field-recording, archival",Light,Utility sans,Interactive soundscape map,Low,High,Low,Places around the world are explored through geolocated field recordings instead of photographs,9.9,A,sound|map|field-recording|archive|interactive,Active,2026-08-07,https://aporee.org/maps/,Global soundscape archive
699,If the Moon Were Only 1 Pixel,https://joshworth.com/dev/pixelspace/pixelspace_solarsystem.html,Website,Interactive scale story,Science / Space,"Extreme horizontal scale, minimal, humorous",Dark,Minimal sans,Pixel-scale Solar System,Medium,High,Low,Physical scrolling makes the emptiness and scale of the Solar System emotionally tangible,10.0,A,space|scale|scroll|interactive|minimal,Active,2026-08-07,https://joshworth.com/dev/pixelspace/pixelspace_solarsystem.html,Josh Worth scale visualization
700,Bird Migration Explorer,https://explorer.audubon.org/en/home,Webapp,Wildlife migration map,Nature / Data,"Map-led, animated, scientific, beautiful",Dark,Modern sans,Animated bird migration map,High,High,Low,Thousands of real tracked birds become animated journeys across the Americas,10.0,A,birds|map|data-visualization|migration|interactive|science,Active,2026-08-07,https://explorer.audubon.org/en/home,Audubon interactive platform
701,Seeing Theory,https://seeing-theory.brown.edu/,Webapp,Interactive statistics textbook,Education / Data,"Elegant, visual, simulation-led",Light,Editorial sans,Interactive probability/statistics modules,Medium,High,Low,Probability and statistics are learned through direct visual manipulation instead of formulas alone,10.0,A,statistics|education|data-visualization|interactive|simulation,Active,2026-08-07,https://seeing-theory.brown.edu/,Brown University visual statistics project
702,TensorFlow Playground,https://playground.tensorflow.org/,Webapp,Neural-network explainer,AI / Education,"Color-field, diagrammatic, live simulation",Light,Google-style sans,Live neural-network playground,High,High,Low,Neural networks become understandable by dragging parameters and watching decision boundaries evolve,10.0,A,ai|neural-network|simulation|interactive|education,Active,2026-08-07,https://playground.tensorflow.org/,Interactive ML classic
703,CNN Explainer,https://poloclub.github.io/cnn-explainer/,Webapp,Neural-network visualization,AI / Education,"3D diagrammatic, technical, interactive",Dark,Modern sans,Interactive CNN architecture,High,High,Medium,A convolutional network can be inspected layer by layer as a spatial visual system,10.0,A,ai|neural-network|3d|data-visualization|interactive,Active,2026-08-07,https://poloclub.github.io/cnn-explainer/,Georgia Tech visual explainer
704,How to Use t-SNE Effectively,https://distill.pub/2016/misread-tsne/,Blog,Interactive research article,AI / Data,"Scientific editorial, simulation-rich",Light,Editorial sans,Interactive t-SNE demonstrations,Medium,High,Low,A technical machine-learning concept is taught through beautifully controlled interactive examples,10.0,A,ai|research|data-visualization|interactive|editorial,Active,2026-08-07,https://distill.pub/2016/misread-tsne/,Distill interactive article
705,Feature Visualization,https://distill.pub/2017/feature-visualization/,Blog,Interactive research article,AI / Data,"Image-rich, scientific, generative",Dark,Editorial sans,Neural feature visualization gallery,High,Medium,Low,"Neural-network internals are transformed into surreal, visually rich generative imagery",10.0,A,ai|generative|research|visualization|editorial,Active,2026-08-07,https://distill.pub/2017/feature-visualization/,Distill research visualization
706,The Building Blocks of Interpretability,https://distill.pub/2018/building-blocks/,Blog,Interactive research article,AI / Data,"Diagrammatic, layered, technical",Light,Editorial sans,Interactive interpretability diagrams,Medium,High,Low,Complex AI interpretability ideas become clear through linked interactive diagrams,9.9,A,ai|research|interactive|diagram|editorial,Active,2026-08-07,https://distill.pub/2018/building-blocks/,Distill research visualization
707,Markov Chains — Explained Visually,https://setosa.io/ev/markov-chains/,Webapp,Interactive mathematical explainer,Education / Data,"Diagrammatic, playful, simulation-led",Light,Simple sans,Interactive state-transition playground,Medium,High,Low,Probabilistic state transitions become intuitive through directly editable visual systems,9.9,A,math|markov|simulation|interactive|education,Active,2026-08-07,https://setosa.io/ev/markov-chains/,Explained Visually
708,Conditional Probability,https://setosa.io/conditional/,Webapp,Interactive probability explainer,Education / Data,"Physical simulation, minimal, visual",Light,Simple sans,Falling-ball probability simulation,Medium,High,Low,Probability is visualized as physical events you can manipulate and count,9.9,A,math|probability|simulation|interactive|education,Active,2026-08-07,https://setosa.io/conditional/,Setosa visual explainer
709,Principal Component Analysis — Explained Visually,https://setosa.io/ev/principal-component-analysis/,Webapp,Interactive data explainer,Education / Data,"3D, geometric, data-led",Light,Simple sans,Draggable PCA point cloud,Medium,High,Medium,PCA becomes a spatial manipulation problem instead of an abstract matrix operation,9.9,A,math|pca|3d|data-visualization|interactive,Active,2026-08-07,https://setosa.io/ev/principal-component-analysis/,Explained Visually
710,Ordinary Least Squares — Explained Visually,https://setosa.io/ev/ordinary-least-squares-regression/,Webapp,Interactive statistics explainer,Education / Data,"Geometric, minimal, diagrammatic",Light,Simple sans,Interactive regression visualization,Medium,High,Low,Regression is explained visually through geometry and direct manipulation,9.8,A,statistics|regression|interactive|education|visualization,Active,2026-08-07,https://setosa.io/ev/ordinary-least-squares-regression/,Explained Visually
711,Eigenvectors & Eigenvalues — Explained Visually,https://setosa.io/ev/eigenvectors-and-eigenvalues/,Webapp,Interactive linear-algebra explainer,Education / Data,"Geometric, animated, mathematical",Light,Simple sans,Interactive vectors / transformations,High,High,Low,Matrix transformations become visible through draggable vectors and evolving eigenspaces,10.0,A,math|linear-algebra|animation|interactive|education,Active,2026-08-07,https://setosa.io/ev/eigenvectors-and-eigenvalues/,Explained Visually
712,Image Kernels — Explained Visually,https://setosa.io/ev/image-kernels/,Webapp,Interactive image-processing explainer,AI / Education,"Pixel-level, visual, camera-enabled",Light,Simple sans,Live image convolution playground,Medium,High,Low,Convolution kernels can be changed live while watching their effect on images or camera input,10.0,A,image-processing|ai|pixels|interactive|education,Active,2026-08-07,https://setosa.io/ev/image-kernels/,Explained Visually
713,Pi — Explained Visually,https://setosa.io/ev/pi/,Webapp,Interactive math explainer,Education,"Geometric, minimal, tactile",Light,Simple sans,Interactive circle / ratio visualization,Medium,High,Low,A familiar constant is rebuilt from direct manipulation of circle geometry,9.7,A,math|geometry|interactive|education|minimal,Active,2026-08-07,https://setosa.io/ev/pi/,Explained Visually
714,Sine & Cosine — Explained Visually,https://setosa.io/ev/sine-and-cosine/,Webapp,Interactive math explainer,Education,"Animated, geometric, diagrammatic",Light,Simple sans,Interactive wave/circle relationship,Medium,High,Low,The relationship between rotation and waves becomes immediately visible through animation,9.8,A,math|waves|animation|interactive|education,Active,2026-08-07,https://setosa.io/ev/sine-and-cosine/,Explained Visually
715,Exponentiation — Explained Visually,https://setosa.io/ev/exponentiation/,Webapp,Interactive growth explainer,Education / Data,"Minimal, animated, simulation-led",Light,Simple sans,Linear vs exponential growth simulation,Medium,High,Low,Exponential growth becomes physically obvious through side-by-side visual processes,9.8,A,math|growth|simulation|interactive|education,Active,2026-08-07,https://setosa.io/ev/exponentiation/,Explained Visually
716,Submarine Cable Map,https://www.submarinecablemap.com/,Webapp,Global infrastructure map,Technology / Data,"Map-led, infrastructural, network-rich",Dark,Utility sans,Interactive undersea cable map,Medium,High,Low,The hidden physical backbone of the internet becomes an explorable global network,9.9,A,internet|infrastructure|map|network|interactive,Active,2026-08-07,https://www.submarinecablemap.com/,TeleGeography interactive map
717,Kaspersky Cyberthreat Map,https://cybermap.kaspersky.com/,Webapp,Live cybersecurity visualization,Technology / Data,"Dark globe, neon, real-time, cinematic",Dark,Technical sans,Live cyberattack globe,High,High,Medium,Live threat data becomes a dramatic moving planetary visualization,9.9,A,cybersecurity|globe|data-visualization|realtime|interactive,Active,2026-08-07,https://cybermap.kaspersky.com/,Live cybersecurity map
718,Electricity Maps,https://app.electricitymaps.com/map,Webapp,Energy grid visualization,Climate / Data,"Map-led, color-coded, real-time",Dark,Modern sans,Live electricity/carbon map,Medium,High,Low,Electricity flows and carbon intensity are shown as a living global system,9.9,A,energy|climate|map|data-visualization|realtime,Active,2026-08-07,https://app.electricitymaps.com/map,Real-time energy visualization
719,Atlas of Economic Complexity,https://atlas.hks.harvard.edu/,Webapp,Economic data explorer,Economics / Data,"Dense, colorful, diagrammatic, exploratory",Light,Modern sans,Trade/product visualization tools,Medium,High,Low,"Global trade becomes an explorable network of countries, industries and products",9.8,A,economics|data-visualization|network|interactive|research,Active,2026-08-07,https://atlas.hks.harvard.edu/,Harvard Growth Lab
720,Globe of Economic Complexity,https://globe.cid.harvard.edu/,Webapp,3D economic visualization,Economics / Data,"3D globe, data-rich, colorful",Dark,Minimal sans,3D global trade globe,High,High,High,The world's economy becomes a rotating landscape of trade relationships and product categories,10.0,A,economics|3d|globe|data-visualization|interactive,Active,2026-08-07,https://globe.cid.harvard.edu/,Harvard visual economics project
721,ISS in Real Time,https://issinrealtime.org/,Webapp,Live space-station experience,Space / Science,"Mission-control, live-data, video-rich",Dark,Technical sans,Live ISS media dashboard,High,High,Low,"Live orbital data, video and mission context make the station feel present and immediate",9.9,A,space|realtime|data|video|interactive|science,Active,2026-08-07,https://issinrealtime.org/,Real-time ISS experience
722,Solar System Scope,https://www.solarsystemscope.com/,Webapp,Interactive Solar System model,Space / Education,"3D, astronomical, exploratory",Dark,Modern sans,3D Solar System explorer,High,High,High,A richly rendered Solar System can be navigated freely from planetary to stellar scale,9.9,A,space|3d|solar-system|interactive|education,Active,2026-08-07,https://www.solarsystemscope.com/,Interactive astronomy explorer
723,ZygoteBody,https://www.zygotebody.com/,Webapp,3D anatomy explorer,Health / Education,"Clinical, spatial, layered 3D",Dark,Utility sans,Interactive human anatomy model,Medium,High,High,Human anatomy can be peeled back layer by layer inside a navigable 3D body,9.8,A,anatomy|3d|health|interactive|education,Active,2026-08-07,https://www.zygotebody.com/,3D anatomy reference
724,BioDigital Human,https://human.biodigital.com/,Webapp,3D health visualization,Health / Education,"Clinical, spatial, high-detail",Light,Modern sans,Interactive 3D human-body platform,Medium,High,High,Complex medical anatomy and conditions become explorable spatial models,9.8,A,health|anatomy|3d|interactive|education,Active,2026-08-07,https://human.biodigital.com/,Interactive medical visualization
725,Wind Map,https://hint.fm/wind/,Webapp,Wind data visualization,Science / Data,"Minimal, monochrome, generative, fluid",Dark,Tiny utility sans,Animated US wind field,High,Low,Low,A single data layer becomes a beautiful living field of moving particles,10.0,A,wind|data-visualization|particles|generative|minimal,Active,2026-08-07,https://hint.fm/wind/,Fernanda Viégas & Martin Wattenberg classic
726,Web Design Museum,https://www.webdesignmuseum.org/,Website,Historic web design archive,Design / Culture,"Archive-led, nostalgic, screenshot-rich",Light,Editorial sans,Timeline / website screenshot archive,Low,High,Low,Decades of web design history become a searchable visual reference library,9.7,A,web-design|archive|history|screenshots|culture,Active,2026-08-07,https://www.webdesignmuseum.org/,Visual archive
727,Byrne's Euclid,https://www.c82.net/euclid/,Website,Digital book / geometry,Design / Education,"Victorian modernist, geometric, editorial",Light,Historic serif,Interactive digitized geometry book,Low,Medium,Low,A legendary 1847 color-geometry book is recreated with exceptional digital craft,10.0,A,geometry|book|editorial|historic|design,Active,2026-08-07,https://www.c82.net/euclid/,Nicholas Rougeux digital edition
728,Nutshell,https://ncase.me/nutshell/,Webapp,Expandable explanation format,Education / Interaction,"Text-native, playful, hypertext, compact",Light,Friendly sans,Expandable inline explanations,Low,High,Low,"Links expand directly inside the text, demonstrating a radically different way to structure explanation",9.8,A,hypertext|interaction|education|interface|concept,Active,2026-08-07,https://ncase.me/nutshell/,Nicky Case explorable tool
729,Explorable Explanations,https://explorabl.es/,Website,Interactive-learning archive,Education / Interaction,"Curatorial, playful, example-led",Light,Friendly sans,Gallery of explorable learning projects,Low,Medium,Low,A strong meta-reference for interfaces where learning happens through direct manipulation,9.7,A,explorable|education|interactive|archive|interface,Active,2026-08-07,https://explorabl.es/,Curated explorable-explanation collection
730,Why Momentum Really Works,https://distill.pub/2017/momentum/,Blog,Interactive ML article,AI / Education,"Animated, geometric, research-editorial",Light,Editorial sans,Optimization landscape visualizations,High,High,Low,Optimization algorithms are shown as moving objects traversing landscapes rather than static equations,10.0,A,ai|optimization|animation|interactive|research,Active,2026-08-07,https://distill.pub/2017/momentum/,Distill interactive article
731,Zoom In: An Introduction to Circuits,https://distill.pub/2020/circuits/zoom-in/,Blog,Interactive AI research article,AI / Education,"Microscopic, image-grid, research-led",Dark,Editorial sans,Neural-network circuit zoom interface,High,High,Low,Readers zoom from model behavior into internal neural circuitry through a visual microscope metaphor,10.0,A,ai|circuits|zoom|interactive|research|visualization,Active,2026-08-07,https://distill.pub/2020/circuits/zoom-in/,Distill Circuits Thread
732,Toy Models of Superposition,https://transformer-circuits.pub/2022/toy_model/index.html,Blog,Interactive AI research article,AI / Research,"Scientific editorial, diagram-rich, interactive",Light,Editorial sans,Interactive feature-superposition diagrams,Medium,High,Low,Abstract representation-learning concepts are made visible through diagrams and manipulable models,9.9,A,ai|research|visualization|interactive|editorial,Active,2026-08-07,https://transformer-circuits.pub/2022/toy_model/index.html,Transformer Circuits research
733,Circuits Thread,https://distill.pub/2020/circuits/,Blog,Interactive research collection,AI / Research,"Modular, visual, interconnected, technical",Light,Editorial sans,Linked interpretability research modules,Medium,High,Low,A research program is structured as a navigable visual network rather than a stack of papers,9.8,A,ai|research|network|interactive|editorial,Active,2026-08-07,https://distill.pub/2020/circuits/,Distill research thread
734,"Seeing Circles, Sines, and Signals",https://jackschaedler.github.io/circles-sines-signals/,Website,Interactive signal-processing book,Education / Technology,"Animated, geometric, diagrammatic",Light,Monospace + sans,Interactive signal diagrams,High,High,Low,Signal processing is explained almost entirely through animated interactive diagrams,10.0,A,signals|math|animation|interactive|education,Active,2026-08-07,https://jackschaedler.github.io/circles-sines-signals/,Jack Schaedler visual explainer
735,An Interactive Introduction to Fourier Transforms,https://www.jezzamon.com/fourier/,Website,Interactive math explainer,Education / Math,"Animated, colorful, geometric",Dark,Friendly sans,Interactive Fourier decomposition,High,High,Low,Frequency decomposition becomes an intuitive animated visual process,10.0,A,fourier|math|animation|interactive|education,Active,2026-08-07,https://www.jezzamon.com/fourier/,Visual Fourier explainer
736,Immersive Linear Algebra,https://immersivemath.com/ila/index.html,Website,Interactive math textbook,Education / Math,"3D, geometric, textbook-like",Dark,Modern serif + sans,Interactive vector / matrix diagrams,Medium,High,High,Linear algebra concepts are embedded in manipulable 2D and 3D diagrams throughout the text,9.9,A,math|linear-algebra|3d|interactive|education,Active,2026-08-07,https://immersivemath.com/ila/index.html,Interactive textbook
737,Mathigon Polypad,https://polypad.amplify.com/,Webapp,Interactive math canvas,Education / Math,"Colorful, tactile, object-based",Light,Friendly sans,Drag-and-drop mathematical canvas,Medium,High,Low,"Mathematics becomes a manipulable material using tiles, shapes, graphs and virtual objects",9.8,A,math|education|drag-drop|interactive|visual,Active,2026-08-07,https://polypad.amplify.com/,Interactive math workspace
738,Desmos 3D Calculator,https://www.desmos.com/3d,Webapp,Interactive mathematical visualization,Education / Math,"Minimal, spatial, graph-led",Light,Desmos sans,Live 3D graphing canvas,High,High,High,Equations immediately become rotatable 3D surfaces with almost no interface friction,9.8,A,math|3d|graph|interactive|education,Active,2026-08-07,https://www.desmos.com/3d,3D graphing tool
739,PhET — Circuit Construction Kit,https://phet.colorado.edu/sims/html/circuit-construction-kit-dc/latest/circuit-construction-kit-dc_all.html,Webapp,Interactive physics simulation,Education / Science,"Object-based, playful, simulation-led",Light,Friendly sans,Drag-and-drop electrical circuit,Medium,High,Low,Electrical concepts become tangible by wiring components together and observing live behavior,9.8,A,physics|simulation|education|interactive|drag-drop,Active,2026-08-07,https://phet.colorado.edu/sims/html/circuit-construction-kit-dc/latest/circuit-construction-kit-dc_all.html,University of Colorado simulation
740,PhET — Gravity and Orbits,https://phet.colorado.edu/sims/html/gravity-and-orbits/latest/gravity-and-orbits_all.html,Webapp,Interactive physics simulation,Education / Science,"Orbital, animated, simulation-led",Dark,Friendly sans,Interactive orbital-system simulation,High,High,Low,"Orbital mechanics becomes intuitive by directly changing masses, paths and velocities",9.8,A,physics|space|simulation|interactive|education,Active,2026-08-07,https://phet.colorado.edu/sims/html/gravity-and-orbits/latest/gravity-and-orbits_all.html,University of Colorado simulation
741,World's Biggest Data Breaches,https://informationisbeautiful.net/visualizations/worlds-biggest-data-breaches-hacks/,Website,Interactive data visualization,Technology / Data,"Bubble-based, colorful, editorial",Light,Editorial sans,Interactive breach bubble chart,Medium,High,Low,"Security incidents become an immediate visual comparison of scale, time and organization",9.8,A,cybersecurity|data-visualization|bubbles|interactive|editorial,Active,2026-08-07,https://informationisbeautiful.net/visualizations/worlds-biggest-data-breaches-hacks/,Information is Beautiful
742,What's Really Warming the World?,https://www.bloomberg.com/graphics/2015-whats-warming-the-world/,Blog,Interactive climate story,Climate / Editorial,"Chart-led, explanatory, scrollytelling",Light,Editorial sans,Interactive climate attribution charts,Medium,High,Low,Readers test competing explanations for warming through animated evidence rather than static charts,10.0,A,climate|data-visualization|scrollytelling|interactive|journalism,Active,2026-08-07,https://www.bloomberg.com/graphics/2015-whats-warming-the-world/,Bloomberg Graphics classic
743,"How Y'all, Youse and You Guys Talk",https://www.nytimes.com/interactive/2014/upshot/dialect-quiz-map.html,Webapp,Interactive language quiz,Culture / Data,"Quiz-led, map-based, personalized",Light,NYT editorial type,Personalized dialect heatmap,Medium,High,Low,Answers generate a striking geographic portrait of the user's language patterns,10.0,A,language|quiz|map|data-visualization|interactive,Active,2026-08-07,https://www.nytimes.com/interactive/2014/upshot/dialect-quiz-map.html,NYT interactive classic
744,You Draw It: Family Income & College Chances,https://www.nytimes.com/interactive/2015/05/28/upshot/you-draw-it-how-family-income-predicts-childrens-college-chances.html,Blog,Interactive data story,Editorial / Data,"Draw-your-guess, chart-led, explanatory",Light,NYT editorial type,User-drawn prediction chart,Medium,High,Low,"The reader must draw a prediction before the real data is revealed, making the chart itself a cognitive interaction",10.0,A,data-visualization|draw-your-guess|interactive|journalism|education,Active,2026-08-07,https://www.nytimes.com/interactive/2015/05/28/upshot/you-draw-it-how-family-income-predicts-childrens-college-chances.html,NYT 'You Draw It' classic
745,NSA Files: Decoded,https://www.theguardian.com/world/interactive/2013/nov/01/snowden-nsa-files-surveillance-revelations-decoded,Blog,Interactive investigative feature,Editorial / Journalism,"Documentary, multimedia, scroll-led",Dark,Guardian editorial type,Interactive surveillance investigation,High,High,Medium,"Documents, video, animation and explanation are fused into a high-impact investigative experience",9.9,A,journalism|surveillance|interactive|multimedia|scrollytelling,Active,2026-08-07,https://www.theguardian.com/world/interactive/2013/nov/01/snowden-nsa-files-surveillance-revelations-decoded,Guardian interactive feature
746,The Mueller Report Illustrated,https://www.washingtonpost.com/graphics/2019/politics/mueller-report-illustrated/,Blog,Illustrated investigative feature,Editorial / Journalism,"Illustrated, cinematic, chapter-based",Mixed,Editorial serif + sans,Illustrated investigation chapters,High,Medium,Low,Dense political reporting is retold as a dramatic visual narrative with bespoke illustration,9.9,A,journalism|illustration|storytelling|editorial|interactive,Active,2026-08-07,https://www.washingtonpost.com/graphics/2019/politics/mueller-report-illustrated/,Washington Post visual investigation
747,Linear Regression — Explained Visually,https://setosa.io/ev/linear-regression/,Webapp,Interactive statistics explainer,Education / Data,"Minimal, geometric, simulation-led",Light,Simple sans,Interactive regression line,Medium,High,Low,Regression is understood through direct manipulation of data points and fit,9.7,A,statistics|regression|interactive|education|visualization,Active,2026-08-07,https://setosa.io/ev/linear-regression/,Explained Visually
748,Simpson's Paradox,https://setosa.io/simpsons/,Webapp,Interactive statistical paradox,Education / Data,"Chart-led, explanatory, interactive",Light,Simple sans,Interactive admissions-data simulation,Medium,High,Low,A counterintuitive statistical paradox becomes visible by changing group composition directly,9.9,A,statistics|simpsons-paradox|interactive|education|data,Active,2026-08-07,https://setosa.io/simpsons/,Setosa visual explanation
749,Red Blob Games — Hexagonal Grids,https://www.redblobgames.com/grids/hexagons/,Website,Interactive geometry / game-design explainer,Game Design / Education,"Diagrammatic, interactive, technical",Light,Readable sans,Interactive hex-grid diagrams,Medium,High,Low,A technical game-design reference is elevated by live diagrams embedded directly into explanation,9.8,A,game-design|geometry|interactive|education|diagram,Active,2026-08-07,https://www.redblobgames.com/grids/hexagons/,Amit Patel explorable reference
750,Red Blob Games — A* Pathfinding,https://www.redblobgames.com/pathfinding/a-star/introduction.html,Website,Interactive algorithm explainer,Game Design / Education,"Grid-based, animated, algorithmic",Light,Readable sans,Interactive pathfinding grids,Medium,High,Low,Pathfinding algorithms become visually obvious through animated grid exploration,9.9,A,game-design|algorithm|pathfinding|interactive|education,Active,2026-08-07,https://www.redblobgames.com/pathfinding/a-star/introduction.html,Amit Patel explorable reference
